match_id,work_id_a,work_id_b,image_id_a,image_id_b,phash_distance,good_matches,inliers,inlier_ratio,matched_area_coverage,machine_classification,preprocessing_version,detector_version,human_label,reviewer_reason
32b19b50039563e5,143009,143017,11856dcc752277659ad8fed3eaee9957,11856dcc752277659ad8fed3eaee9957,0,,,,1.0,confirmed_visual_correspondence,image-preprocess-v1,image-match-v2,,
75d40524db5a2008,150744,150749,50a4b93edffd053e779b987f0cbaf78c,50a4b93edffd053e779b987f0cbaf78c,0,,,,1.0,confirmed_visual_correspondence,image-preprocess-v1,image-match-v2,,
92444108cf9b32ac,83289,83749,869e8faa64def55b1b694e095580b3c6,869e8faa64def55b1b694e095580b3c6,0,,,,1.0,confirmed_visual_correspondence,image-preprocess-v1,image-match-v2,,
92444108cf9b32ac,83268,83769,869e8faa64def55b1b694e095580b3c6,869e8faa64def55b1b694e095580b3c6,0,,,,1.0,confirmed_visual_correspondence,image-preprocess-v1,image-match-v2,,
6ff451547ed5fbc6,162549,162552,43e42bf6029228c58905b6636140e4c2,59cddae0ccd66084650d998c42bc06d0,6,174,69,0.397,0.0787,confirmed_visual_correspondence,image-preprocess-v1,image-match-v2,,
57a40c63f47baa2b,159590,177691,8316fc027fb6b58db88fbaac92119af4,9fcb8fb8c68b233cc509ae106d0288e5,6,106,61,0.575,0.0501,confirmed_visual_correspondence,image-preprocess-v1,image-match-v2,,
6263e001f5193410,162559,162577,c97374e6a995a0b8bb86fce349940523,40c3d5347a43afe0bc8ab292c1bb5315,6,186,89,0.478,0.0979,confirmed_visual_correspondence,image-preprocess-v1,image-match-v2,,
be2ee92a0397dd3f,87766,87768,a3d31d7ffdf1544bd7781f63a1a106cc,d3a727d410cac1093ec542b0946133d1,4,552,390,0.707,0.1607,confirmed_visual_correspondence,image-preprocess-v1,image-match-v2,,
dc034d3971e78012,117974,117997,a16f095ef1c303d5c9eb2d995ded8029,3559245136f21c50ba867925363ebfcb,6,385,216,0.561,0.4438,confirmed_visual_correspondence,image-preprocess-v1,image-match-v2,,
48320340d9c0a17c,157764,157770,dab5ba2ea6fb70b77768a39197f6bd5f,0a59d8a86524410d009df37b892a1156,4,259,124,0.479,0.3398,confirmed_visual_correspondence,image-preprocess-v1,image-match-v2,,
5204f5f03b809c93,166954,173126,b9de0ec3697a2d618a5e881813386dd7,493ff763d4da9c7230e8474cc4a37131,6,300,115,0.383,0.4961,confirmed_visual_correspondence,image-preprocess-v1,image-match-v2,,
e968c54da4360be8,158855,158858,b8ad330abe83e0bae0811c28243a7763,16b6875a2bc0413aac96bd66028ca04e,6,347,106,0.305,0.275,confirmed_visual_correspondence,image-preprocess-v1,image-match-v2,,
f53bbc54cb7fa5ae,83287,155921,c8f3911ab954318700ccf29bc23f06e9,9d412de6b1e8ca2b19c941b2bfb84123,6,78,35,0.449,0.0107,rejected_generic_similarity,image-preprocess-v1,image-match-v2,,
da8a6775ae588ee0,151421,151429,b968f433b03984c89a0f80dbf85f39c7,03e10406c5476978779c472480e75409,6,195,34,0.174,0.0437,rejected_generic_similarity,image-preprocess-v1,image-match-v2,,
a2bc836709006396,89830,102659,4cf7b07e6de96b409aff1a75479a4f14,cc7aa38afb08e77f1f48dd19a4987f08,2,83,35,0.422,0.0543,rejected_generic_similarity,image-preprocess-v1,image-match-v2,,
07f045da8c330e5e,131455,131460,69ff10e3af1d3338727623abd0c46014,0cf974d49d7f008d5fe2cb100175be7e,2,176,59,0.335,0.2993,confirmed_visual_correspondence,image-preprocess-v1,image-match-v2,,
32fd08a7c3104e19,134579,134609,bdfa1de7d57e20ea5a4c84bf842f6178,7571af373b2b5b3ab12fed5eb1e4be14,2,284,197,0.694,0.5558,confirmed_visual_correspondence,image-preprocess-v1,image-match-v2,,
28acb5e785547122,164152,164154,a7f60e78edc4a7f67da8849a2c9940f0,d604e1d12535f5beca398f04db1d2ad5,2,505,415,0.822,0.6141,confirmed_visual_correspondence,image-preprocess-v1,image-match-v2,,
3554948770419a05,149539,155920,aaf9ac6d2634a3653382922c85fcb3e1,4d579d6b0f7abaa12061b27ac4f08edf,2,430,336,0.781,0.5381,confirmed_visual_correspondence,image-preprocess-v1,image-match-v2,,
2dbd08058b8a0861,106215,128981,ed21685bb469e353966b749fbf226a01,034b2fffba86a4518ed00cff71ee1b04,6,176,33,0.188,0.2712,rejected_watermark,image-preprocess-v1,image-match-v2,,
f2c33fb08df539c0,121153,121169,544468e0df146e09b4c0804e0286b70f,5d7019f34a926f026f12a690f2c440a9,6,145,27,0.186,0.5374,rejected_watermark,image-preprocess-v1,image-match-v2,,
dede6f5e307d85d3,131053,131056,afc90020175cc510f409fbe47ea1f119,b8d6a9a7af5869ccfb1a0e1b613f8636,4,194,37,0.191,0.3693,rejected_watermark,image-preprocess-v1,image-match-v2,,
88dbcf97c4c380c9,87762,87768,a6e402a347aed13e4339b46e15d1dfb6,d3a727d410cac1093ec542b0946133d1,2,567,389,0.686,0.1578,confirmed_visual_correspondence,image-preprocess-v1,image-match-v2,,
613c2d26b0b08fc6,103180,113349,03aa6f4097477fd54df639ebb2cefea5,bb85ce7fc877f476a61ed0d27a77a153,2,334,91,0.272,0.1879,confirmed_visual_correspondence,image-preprocess-v1,image-match-v2,,
0a130cfd087de4fd,142055,175605,1d00d00051b0e46d42133ed9e635b76e,405a385ce8759523311328b40af65f58,6,84,62,0.738,0.0739,rejected_watermark,image-preprocess-v1,image-match-v2,,
2d633698ad4efecb,142060,175605,fbcb7059cca6b8360d6418cd3115db06,405a385ce8759523311328b40af65f58,6,81,68,0.84,0.1067,rejected_watermark,image-preprocess-v1,image-match-v2,,
537687449e0e1cfe,128510,146705,0a066906523c3045135c7299d1bc65c1,ff281aad5f61c45b898ff68472c0b090,6,96,52,0.542,0.1918,rejected_watermark,image-preprocess-v1,image-match-v2,,
0a130cfd087de4fd,142057,175605,1d00d00051b0e46d42133ed9e635b76e,405a385ce8759523311328b40af65f58,6,84,62,0.738,0.0739,rejected_watermark,image-preprocess-v1,image-match-v2,,
512415cdba4b9e59,162211,166112,f57aef18d14990a2687fd6df98110a05,d8e5033f4bd390b5852139473d3e9641,6,53,7,0.132,0.1472,rejected_generic_similarity,image-preprocess-v1,image-match-v2,,
b2a3309343c39c05,113979,129041,bca9b010262ecaa4b7b346b8fafec1a3,5ebb71a4e8ddd78bba89c818d6094d8f,6,121,9,0.074,0.0793,rejected_generic_similarity,image-preprocess-v1,image-match-v2,,
efa6c97ec9759d77,145006,145007,17895b68b5bd04e1ef09ff38fe1833c7,50f23db6184e905ab19b667ae85b1684,6,345,25,0.072,0.0524,rejected_generic_similarity,image-preprocess-v1,image-match-v2,,
eb5384f88c219dc3,156780,157515,35a0050fe99bccfee555c8e930b571db,ad73c487cb6cbe22055c56ae1b7ac10d,6,174,18,0.103,0.1756,rejected_generic_similarity,image-preprocess-v1,image-match-v2,,
17fcf04c810156d2,146084,146091,8c02d0ed966fda8d553f0b1155a9edac,e19e1890940e7c705641dcafc09a13ce,6,207,40,0.193,0.3146,rejected_generic_similarity,image-preprocess-v1,image-match-v2,,
049ae57f972f5ac9,145012,145013,04ee129a838c060e47cfa59dee598439,178cec13a3d52e6ff5f83768588d5958,6,166,12,0.072,0.2521,rejected_generic_similarity,image-preprocess-v1,image-match-v2,,
74befdff9958284f,146129,152511,05e7cceaf9031151b975146cb1414037,ef5ee972cf0e0ff628950ce8c1dd3f22,4,72,17,0.236,0.3953,rejected_generic_similarity,image-preprocess-v1,image-match-v2,,
fd3a42c839285e98,132159,126020,8450b617c39e089236033ed5e7838db3,a727f06e34ebb5f50f9a87e91b361333,4,70,37,0.529,0.3925,rejected_generic_similarity,image-preprocess-v1,image-match-v2,,
909d402ee3facb78,174605,174613,21742465dfe5f5b1b6a6676650338115,788aa3b11402dad15cea7ff0d7431c30,2,273,250,0.916,0.0336,rejected_watermark,image-preprocess-v1,image-match-v2,,
6cecf40742a43bf4,145006,145009,17895b68b5bd04e1ef09ff38fe1833c7,a8d6ec01160bc00986fb4d4aa74b2823,2,374,45,0.12,0.2309,rejected_generic_similarity,image-preprocess-v1,image-match-v2,,
