work_id,MP_NAME,IDA_NAME,WORK_DESCRIPTION,area_name,ACTUAL_AMOUNT,LETTER_NO,ACTUAL_END_DATE,has_images,branch,asset_id,lat,lon,source_scheme,category,vendor_id,award_date,risk_score,severity_band,signals_json,review_notice
950000110,Prakash Yadav,Vasavipet District Rural Development Agency,Lighting of public spaces at Gopalpet,Gopalpet,1023999.0,LN/MP95110/2025-2026/49,19-Sep-2025,True,B,,,,synthetic,Lighting of public spaces,Sri Balaji Constructions,2025-09-19,0.6,Low,"{""cost_peer"": 0.0, ""missing_evidence"": 0.0, ""round_amount"": 0.0, ""satellite_signal"": null, ""vendor_network_signal"": 0.021}",Computational signal — needs human review.
950000089,Ashok Nair,Narsapur District Rural Development Agency,Lighting of public spaces at Krishnapuram,Krishnapuram,953000.0,LN/MP95089/2025-2026/51,15-Dec-2025,True,B,,,,synthetic,Lighting of public spaces,Om Sai Builders,2025-10-18,9.51,Low,"{""cost_peer"": 0.0, ""missing_evidence"": 0.0, ""round_amount"": 0.0, ""satellite_signal"": null, ""vendor_network_signal"": 0.333}",Computational signal — needs human review.
950000125,Suresh Naik,Krishnapet District Rural Development Agency,Setting up of laboratories at Peddapuram,Peddapuram,2475000.0,LN/MP95125/2025-2026/17,26-May-2025,True,B,,,,synthetic,Setting up of laboratories,Sri Balaji Constructions,2025-05-26,0.6,Low,"{""cost_peer"": 0.0, ""missing_evidence"": 0.0, ""round_amount"": 0.0, ""satellite_signal"": null, ""vendor_network_signal"": 0.021}",Computational signal — needs human review.
950000003,Arvind Dharmapuri,Anjaneyanagar Municipal Corporation,Construction of community center and community hall at Ramapuram,Ramapuram,1483100.0,LN/MP95003/2025-2026/44,27-Jun-2025,True,A,osm_24,17.401369,78.464445,openstreetmap,community_centre,Sri Durga Constructions,2025-06-27,26.94,Low,"{""cost_peer"": 0.0, ""missing_evidence"": 0.0, ""round_amount"": 0.0, ""satellite_signal"": null, ""vendor_network_signal"": 0.943}",Computational signal — needs human review.
950000141,Ashok Nair,Chandranagar Municipal Corporation,Installing tube-wells and borewells at Rajupalem,Rajupalem,4791000.0,LN/MP95141/2025-2026/31,27-May-2025,True,B,,,,synthetic,Installing tube-wells and borewells,Sri Ganesh Builders,2025-05-27,32.54,Moderate,"{""cost_peer"": 0.0, ""missing_evidence"": 0.0, ""round_amount"": 1.0, ""satellite_signal"": null, ""vendor_network_signal"": 0.639}",Computational signal — needs human review.
950000015,Manoj Choudhary,Narsapur District Rural Development Agency,Construction of road with drainage system from Balajipet to nearby junction,Balajipet,196222.0,LN/MP95015/2025-2026/25,06-Jun-2025,True,A,osm_43,17.267544,78.495968,openstreetmap,road,Sri Ganesh Builders,2025-06-06,18.26,Low,"{""cost_peer"": 0.0, ""missing_evidence"": 0.0, ""round_amount"": 0.0, ""satellite_signal"": null, ""vendor_network_signal"": 0.639}",Computational signal — needs human review.
950000085,Deepak Iyer,Vasavipet District Rural Development Agency,Street lights at Krishnapuram,Krishnapuram,697000.0,LN/MP95085/2025-2026/33,14-Sep-2025,True,B,,,,synthetic,Street lights,National & Co,2025-09-14,15.06,Low,"{""cost_peer"": 0.0, ""missing_evidence"": 0.0, ""round_amount"": 1.0, ""satellite_signal"": null, ""vendor_network_signal"": 0.027}",Computational signal — needs human review.
950000042,Kiran Mishra,Rangapuram Zilla Parishad,Construction of check dam / flood control embankment near Subhashnagar,Subhashnagar,504300.0,LN/MP95042/2025-2026/47,19-Jun-2025,True,A,osm_1,17.331216,78.364295,openstreetmap,dam,Deccan Builders,2025-06-08,46.7,Moderate,"{""cost_peer"": 0.0, ""missing_evidence"": 0.0, ""round_amount"": 1.0, ""satellite_signal"": 1.0, ""vendor_network_signal"": 0.335}",Computational signal — needs human review.
950000032,Ravi Bhatt,Bhavanipet Zilla Parishad,Construction of road with drainage system from Anandnagar to nearby junction,Anandnagar,924920.0,LN/MP95032/2025-2026/26,13-Jun-2025,True,A,osm_45,17.048139,78.574245,openstreetmap,road,Sri Lakshmi Enterprises,2025-06-13,10.06,Low,"{""cost_peer"": 0.0, ""missing_evidence"": 0.0, ""round_amount"": 0.0, ""satellite_signal"": null, ""vendor_network_signal"": 0.352}",Computational signal — needs human review.
950000096,Suresh Naik,Vasavipet District Rural Development Agency,Purchase of furniture and fixtures for educational purposes at Balajipet,Balajipet,249990.0,LN/MP95096/2025-2026/88,22-Sep-2025,True,B,,,,synthetic,Purchase of furniture and fixtures for educational purposes,Vinayaka Infra Projects Pvt Ltd,2025-09-22,1.0,Low,"{""cost_peer"": 0.0, ""missing_evidence"": 0.0, ""round_amount"": 0.0, ""satellite_signal"": null, ""vendor_network_signal"": 0.035}",Computational signal — needs human review.
950000043,Kiran Mishra,Rangapuram Zilla Parishad,Construction of community center and community hall at Chinnapet,Chinnapet,496200.0,LN/MP95043/2025-2026/12,20-Jun-2025,True,A,osm_33,17.479477,78.564056,openstreetmap,community_centre,Sai Ram Constructions,2025-06-08,23.91,Low,"{""cost_peer"": 0.0, ""missing_evidence"": 0.0, ""round_amount"": 1.0, ""satellite_signal"": null, ""vendor_network_signal"": 0.337}",Computational signal — needs human review.
950000101,Harish Menon,Gopalpuram Zilla Parishad,Providing CCTV camera system for security of public areas at Sitanagar,Sitanagar,375000.0,LN/MP95101/2025-2026/29,28-Apr-2025,True,B,,,,synthetic,Providing CCTV camera system for security of public areas,Bhavani Enterprises,2025-04-28,0.4,Low,"{""cost_peer"": 0.0, ""missing_evidence"": 0.0, ""round_amount"": 0.0, ""satellite_signal"": null, ""vendor_network_signal"": 0.014}",Computational signal — needs human review.
950000058,Mohan Shetty,Chandranagar Municipal Corporation,Street lights at Shivajinagar,Shivajinagar,135000.0,LN/MP95058/2025-2026/88,02-May-2025,True,B,,,,synthetic,Street lights,Krishna & Co,2025-05-02,18.03,Low,"{""cost_peer"": 0.0, ""missing_evidence"": 0.0, ""round_amount"": 0.0, ""satellite_signal"": null, ""vendor_network_signal"": 0.631}",Computational signal — needs human review.
950000094,Shankar Joshi,Devarakonda Municipal Corporation,Installing tube-wells and borewells at Subhashnagar,Subhashnagar,199939.0,LN/MP95094/2025-2026/6,12-Dec-2025,True,B,,,,synthetic,Installing tube-wells and borewells,Sri Durga Constructions,2025-12-12,41.23,Moderate,"{""cost_peer"": 0.0, ""missing_evidence"": 0.0, ""round_amount"": 1.0, ""satellite_signal"": null, ""vendor_network_signal"": 0.943}",Computational signal — needs human review.
950000041,Manoj Choudhary,Bhavanipet Zilla Parishad,Construction of community center and community hall at Gopalpet,Gopalpet,1999000.0,LN/MP95041/2025-2026/40,15-Jun-2025,True,A,osm_9,17.564618,78.456265,openstreetmap,community_centre,Vinayaka Infra Projects Pvt Ltd,2025-06-15,70.7,High,"{""cost_peer"": 1.0, ""missing_evidence"": 0.0, ""round_amount"": 1.0, ""satellite_signal"": 1.0, ""vendor_network_signal"": 0.035}",Computational signal — needs human review.
950000131,Harish Menon,Anjaneyanagar Municipal Corporation,Street lights at Balajipet,Balajipet,3600000.0,LN/MP95131/2025-2026/49,11-Jun-2025,True,B,,,,synthetic,Street lights,Sri Ganesh Builders,2025-06-11,32.54,Moderate,"{""cost_peer"": 0.0, ""missing_evidence"": 0.0, ""round_amount"": 1.0, ""satellite_signal"": null, ""vendor_network_signal"": 0.639}",Computational signal — needs human review.
950000082,Ashok Nair,Devarakonda Municipal Corporation,Street lights at Narsingapur,Narsingapur,174367.0,LN/MP95082/2025-2026/69,13-Apr-2025,True,B,,,,synthetic,Street lights,Sri Lakshmi Enterprises,2025-04-13,10.06,Low,"{""cost_peer"": 0.0, ""missing_evidence"": 0.0, ""round_amount"": 0.0, ""satellite_signal"": null, ""vendor_network_signal"": 0.352}",Computational signal — needs human review.
950000014,Ravi Bhatt,Gopalpuram Zilla Parishad,Construction of community center and community hall at Shivajinagar,Shivajinagar,369825.0,LN/MP95014/2025-2026/49,21-Jun-2025,True,A,osm_20,17.470947,78.452665,openstreetmap,community_centre,United Enterprises,2025-06-21,1.0,Low,"{""cost_peer"": 0.0, ""missing_evidence"": 0.0, ""round_amount"": 0.0, ""satellite_signal"": null, ""vendor_network_signal"": 0.035}",Computational signal — needs human review.
950000097,Ravi Bhatt,Krishnapet District Rural Development Agency,Purchase of furniture and fixtures for educational purposes at Ramapuram,Ramapuram,249990.0,LN/MP95097/2025-2026/38,03-Jun-2025,True,B,,,,synthetic,Purchase of furniture and fixtures for educational purposes,Southern Constructions,2025-06-03,9.46,Low,"{""cost_peer"": 0.0, ""missing_evidence"": 0.0, ""round_amount"": 0.0, ""satellite_signal"": null, ""vendor_network_signal"": 0.331}",Computational signal — needs human review.
950000069,Prakash Yadav,Rangapuram Zilla Parishad,Lighting of public spaces at Veerapuram,Veerapuram,918100.0,LN/MP95069/2025-2026/4,13-Sep-2025,True,B,,,,synthetic,Lighting of public spaces,National & Co,2025-09-13,0.77,Low,"{""cost_peer"": 0.0, ""missing_evidence"": 0.0, ""round_amount"": 0.0, ""satellite_signal"": null, ""vendor_network_signal"": 0.027}",Computational signal — needs human review.
950000008,Manoj Choudhary,Vasavipet District Rural Development Agency,Construction of community center and community hall at Subhashnagar,Subhashnagar,348178.0,LN/MP95008/2025-2026/86,10-Jun-2025,True,A,osm_21,17.409797,78.601574,openstreetmap,community_centre,Sri Balaji Constructions,2025-06-10,0.6,Low,"{""cost_peer"": 0.0, ""missing_evidence"": 0.0, ""round_amount"": 0.0, ""satellite_signal"": null, ""vendor_network_signal"": 0.021}",Computational signal — needs human review.
950000119,Ramesh Reddy,Lakshmipuram Zilla Parishad,Lighting of public spaces at Balajipet,Balajipet,958000.0,LN/MP95119/2025-2026/79,05-Jun-2025,True,B,,,,synthetic,Lighting of public spaces,Om Sai Builders,2025-06-05,9.51,Low,"{""cost_peer"": 0.0, ""missing_evidence"": 0.0, ""round_amount"": 0.0, ""satellite_signal"": null, ""vendor_network_signal"": 0.333}",Computational signal — needs human review.
950000127,Kiran Mishra,Devarakonda Municipal Corporation,Installing tube-wells and borewells at Yellareddyguda,Yellareddyguda,137118.0,LN/MP95127/2025-2026/58,28-Apr-2025,True,B,,,,synthetic,Installing tube-wells and borewells,Om Sai Builders,2025-04-28,9.51,Low,"{""cost_peer"": 0.0, ""missing_evidence"": 0.0, ""round_amount"": 0.0, ""satellite_signal"": null, ""vendor_network_signal"": 0.333}",Computational signal — needs human review.
950000084,Arvind Dharmapuri,Anjaneyanagar Municipal Corporation,Installing tube-wells and borewells at Krishnapuram,Krishnapuram,299583.0,LN/MP95084/2025-2026/25,22-Dec-2025,True,B,,,,synthetic,Installing tube-wells and borewells,Rama & Co,2025-12-22,23.8,Low,"{""cost_peer"": 0.0, ""missing_evidence"": 0.0, ""round_amount"": 1.0, ""satellite_signal"": null, ""vendor_network_signal"": 0.333}",Computational signal — needs human review.
950000017,Suresh Naik,Chandranagar Municipal Corporation,Construction of road with drainage system from Narsingapur to nearby junction,Narsingapur,124542.0,LN/MP95017/2025-2026/90,08-Jun-2025,True,A,osm_44,17.22114,78.589409,openstreetmap,road,National & Co,2025-06-08,0.77,Low,"{""cost_peer"": 0.0, ""missing_evidence"": 0.0, ""round_amount"": 0.0, ""satellite_signal"": null, ""vendor_network_signal"": 0.027}",Computational signal — needs human review.
950000146,Ashok Nair,Rangapuram Zilla Parishad,Street lights at Yellareddyguda,Yellareddyguda,4563000.0,LN/MP95146/2025-2026/84,04-Aug-2025,True,B,,,,synthetic,Street lights,Sri Lakshmi Enterprises,2025-08-04,67.2,High,"{""cost_peer"": 1.0, ""missing_evidence"": 0.0, ""round_amount"": 1.0, ""satellite_signal"": null, ""vendor_network_signal"": 0.352}",Computational signal — needs human review.
950000105,Deepak Iyer,Gopalpuram Zilla Parishad,Lighting of public spaces at Venkatapuram,Venkatapuram,958500.0,LN/MP95105/2025-2026/66,16-Jul-2025,True,B,,,,synthetic,Lighting of public spaces,Rama & Co,2025-07-16,9.51,Low,"{""cost_peer"": 0.0, ""missing_evidence"": 0.0, ""round_amount"": 0.0, ""satellite_signal"": null, ""vendor_network_signal"": 0.333}",Computational signal — needs human review.
950000116,Sanjay Patil,Vasavipet District Rural Development Agency,Setting up of laboratories at Peddapuram,Peddapuram,356370.0,LN/MP95116/2025-2026/73,21-Dec-2025,True,B,,,,synthetic,Setting up of laboratories,Sai Ram Constructions,2025-12-21,9.63,Low,"{""cost_peer"": 0.0, ""missing_evidence"": 0.0, ""round_amount"": 0.0, ""satellite_signal"": null, ""vendor_network_signal"": 0.337}",Computational signal — needs human review.
950000129,Suresh Naik,Devarakonda Municipal Corporation,Purchase of furniture and fixtures for educational purposes at Ambedkarnagar,Ambedkarnagar,249990.0,LN/MP95129/2025-2026/24,18-Dec-2025,True,B,,,,synthetic,Purchase of furniture and fixtures for educational purposes,National & Co,2025-12-18,0.77,Low,"{""cost_peer"": 0.0, ""missing_evidence"": 0.0, ""round_amount"": 0.0, ""satellite_signal"": null, ""vendor_network_signal"": 0.027}",Computational signal — needs human review.
950000090,Anand Sharma,Krishnapet District Rural Development Agency,Street lights at Ambedkarnagar,Ambedkarnagar,524000.0,LN/MP95090/2025-2026/53,20-Nov-2025,True,B,,,,synthetic,Street lights,United Enterprises,2025-11-20,1.0,Low,"{""cost_peer"": 0.0, ""missing_evidence"": 0.0, ""round_amount"": 0.0, ""satellite_signal"": null, ""vendor_network_signal"": 0.035}",Computational signal — needs human review.
950000099,Mahesh Rao,Narsapur District Rural Development Agency,Installing hand pumps at Rajupalem,Rajupalem,73969.0,LN/MP95099/2025-2026/14,18-Jun-2025,True,B,,,,synthetic,Installing hand pumps,Anjaneya Infra Projects Pvt Ltd,2025-06-18,1.06,Low,"{""cost_peer"": 0.0, ""missing_evidence"": 0.0, ""round_amount"": 0.0, ""satellite_signal"": null, ""vendor_network_signal"": 0.037}",Computational signal — needs human review.
950000054,Ramesh Reddy,Lakshmipuram Zilla Parishad,Installing tube-wells and borewells at Krishnapuram,Krishnapuram,199998.0,LN/MP95054/2025-2026/55,05-Dec-2025,True,B,,,,synthetic,Installing tube-wells and borewells,Krishna & Co,2025-12-05,32.31,Moderate,"{""cost_peer"": 0.0, ""missing_evidence"": 0.0, ""round_amount"": 1.0, ""satellite_signal"": null, ""vendor_network_signal"": 0.631}",Computational signal — needs human review.
950000055,Ganesh Kulkarni,Krishnapet District Rural Development Agency,Installing tube-wells and borewells at Veerapuram,Veerapuram,199939.0,LN/MP95055/2025-2026/30,10-Sep-2025,True,B,,,,synthetic,Installing tube-wells and borewells,United Enterprises,2025-09-10,15.29,Low,"{""cost_peer"": 0.0, ""missing_evidence"": 0.0, ""round_amount"": 1.0, ""satellite_signal"": null, ""vendor_network_signal"": 0.035}",Computational signal — needs human review.
950000114,Vijay Pillai,Chandranagar Municipal Corporation,Installing tube-wells and borewells at Sitanagar,Sitanagar,487690.0,LN/MP95114/2025-2026/37,25-Apr-2025,True,B,,,,synthetic,Installing tube-wells and borewells,New Age Builders,2025-04-25,9.11,Low,"{""cost_peer"": 0.0, ""missing_evidence"": 0.0, ""round_amount"": 0.0, ""satellite_signal"": null, ""vendor_network_signal"": 0.319}",Computational signal — needs human review.
950000051,Deepak Iyer,Rangapuram Zilla Parishad,Construction of community center and community hall at Yellareddyguda,Yellareddyguda,313201.52,LN/MP95051/2025-2026/60,06-Aug-2025,True,A,osm_5,17.18914,79.089877,openstreetmap,community_centre,Deccan Builders,2025-08-06,36.7,Moderate,"{""cost_peer"": 0.0, ""missing_evidence"": 0.0, ""round_amount"": 0.0, ""satellite_signal"": 1.0, ""vendor_network_signal"": 0.335}",Computational signal — needs human review.
950000005,Mahesh Rao,Gopalpuram Zilla Parishad,Construction of community center and community hall at Peddapuram,Peddapuram,494999.0,LN/MP95005/2025-2026/74,17-Jun-2025,True,A,osm_11,17.379725,78.433198,openstreetmap,community_centre,Anjaneya Infra Projects Pvt Ltd,2025-06-17,1.06,Low,"{""cost_peer"": 0.0, ""missing_evidence"": 0.0, ""round_amount"": 0.0, ""satellite_signal"": null, ""vendor_network_signal"": 0.037}",Computational signal — needs human review.
950000025,Naveen Gowda,Vasavipet District Rural Development Agency,Construction of community center and community hall at Shivajinagar,Shivajinagar,300000.0,LN/MP95025/2025-2026/23,15-Jun-2025,True,A,osm_38,17.468862,78.790729,openstreetmap,community_centre,Southern Constructions,2025-06-15,23.74,Low,"{""cost_peer"": 0.0, ""missing_evidence"": 0.0, ""round_amount"": 1.0, ""satellite_signal"": null, ""vendor_network_signal"": 0.331}",Computational signal — needs human review.
950000120,Anand Sharma,Krishnapet District Rural Development Agency,Installing tube-wells and borewells at Peddapuram,Peddapuram,199939.0,LN/MP95120/2025-2026/24,20-Jul-2025,True,B,,,,synthetic,Installing tube-wells and borewells,Deccan Builders,2025-07-20,23.86,Low,"{""cost_peer"": 0.0, ""missing_evidence"": 0.0, ""round_amount"": 1.0, ""satellite_signal"": null, ""vendor_network_signal"": 0.335}",Computational signal — needs human review.
950000013,Shankar Joshi,Chandranagar Municipal Corporation,Construction of community center and community hall at Anandnagar,Anandnagar,449998.0,LN/MP95013/2025-2026/57,10-Jun-2025,True,A,osm_36,17.423437,78.516549,openstreetmap,community_centre,Deccan Builders,2025-06-10,9.57,Low,"{""cost_peer"": 0.0, ""missing_evidence"": 0.0, ""round_amount"": 0.0, ""satellite_signal"": null, ""vendor_network_signal"": 0.335}",Computational signal — needs human review.
950000057,Harish Menon,Devarakonda Municipal Corporation,Providing CCTV camera system for security of public areas at Gopalpet,Gopalpet,250000.0,LN/MP95057/2025-2026/54,07-May-2025,True,B,,,,synthetic,Providing CCTV camera system for security of public areas,Venkateswara Infra Projects Pvt Ltd,2025-05-07,9.34,Low,"{""cost_peer"": 0.0, ""missing_evidence"": 0.0, ""round_amount"": 0.0, ""satellite_signal"": null, ""vendor_network_signal"": 0.327}",Computational signal — needs human review.
950000039,Mohan Shetty,Lakshmipuram Zilla Parishad,Construction of community center and community hall at Malleswaram,Malleswaram,481796.0,LN/MP95039/2025-2026/79,20-Jun-2025,True,A,osm_4,17.398863,78.416847,openstreetmap,community_centre,Venkateswara Infra Projects Pvt Ltd,2025-06-20,36.54,Moderate,"{""cost_peer"": 0.0, ""missing_evidence"": 0.0, ""round_amount"": 0.0, ""satellite_signal"": 1.0, ""vendor_network_signal"": 0.327}",Computational signal — needs human review.
950000143,Ashok Nair,Chandranagar Municipal Corporation,Lighting of public spaces at Ambedkarnagar,Ambedkarnagar,4664000.0,LN/MP95143/2025-2026/68,22-Sep-2025,True,B,,,,synthetic,Lighting of public spaces,Metro Infra Projects Pvt Ltd,2025-09-22,57.86,Moderate,"{""cost_peer"": 1.0, ""missing_evidence"": 0.0, ""round_amount"": 1.0, ""satellite_signal"": null, ""vendor_network_signal"": 0.025}",Computational signal — needs human review.
950000091,Harish Menon,Gopalpuram Zilla Parishad,Street lights at Shivajinagar,Shivajinagar,499128.0,LN/MP95091/2025-2026/50,27-Nov-2025,True,B,,,,synthetic,Street lights,Metro Infra Projects Pvt Ltd,2025-11-27,15.0,Low,"{""cost_peer"": 0.0, ""missing_evidence"": 0.0, ""round_amount"": 1.0, ""satellite_signal"": null, ""vendor_network_signal"": 0.025}",Computational signal — needs human review.
950000033,Vikram Verma,Bhavanipet Zilla Parishad,Construction of community center and community hall at Shivajinagar,Shivajinagar,980000.0,LN/MP95033/2025-2026/89,03-Jun-2025,True,A,osm_37,18.402154,79.184777,openstreetmap,community_centre,Sri Durga Constructions,2025-08-07,26.94,Low,"{""cost_peer"": 0.0, ""missing_evidence"": 0.0, ""round_amount"": 0.0, ""satellite_signal"": null, ""vendor_network_signal"": 0.943}",Computational signal — needs human review.
950000133,Mohan Shetty,Chandranagar Municipal Corporation,Installing hand pumps at Anandnagar,Anandnagar,515900.0,LN/MP95133/2025-2026/67,19-Jul-2025,True,B,,,,synthetic,Installing hand pumps,Sai Ram Constructions,2025-07-19,9.63,Low,"{""cost_peer"": 0.0, ""missing_evidence"": 0.0, ""round_amount"": 0.0, ""satellite_signal"": null, ""vendor_network_signal"": 0.337}",Computational signal — needs human review.
950000007,Ravi Bhatt,Devarakonda Municipal Corporation,Construction of community center and community hall at Anandnagar,Anandnagar,1296594.0,LN/MP95007/2025-2026/12,01-Jun-2025,True,A,osm_41,17.430694,78.447494,openstreetmap,community_centre,Venkateswara Infra Projects Pvt Ltd,2025-06-01,23.63,Low,"{""cost_peer"": 0.0, ""missing_evidence"": 0.0, ""round_amount"": 1.0, ""satellite_signal"": null, ""vendor_network_signal"": 0.327}",Computational signal — needs human review.
950000100,Ramesh Reddy,Vasavipet District Rural Development Agency,Installing tube-wells and borewells at Balajipet,Balajipet,99036.0,LN/MP95100/2025-2026/78,03-Nov-2025,True,B,,,,synthetic,Installing tube-wells and borewells,Sri Lakshmi Enterprises,2025-11-03,24.34,Low,"{""cost_peer"": 0.0, ""missing_evidence"": 0.0, ""round_amount"": 1.0, ""satellite_signal"": null, ""vendor_network_signal"": 0.352}",Computational signal — needs human review.
950000016,Deepak Iyer,Rangapuram Zilla Parishad,Construction of community center and community hall at Yellareddyguda,Yellareddyguda,400000.0,LN/MP95016/2025-2026/80,05-Jun-2025,True,A,osm_28,17.350402,78.487793,openstreetmap,community_centre,Anjaneya Infra Projects Pvt Ltd,2025-06-05,15.34,Low,"{""cost_peer"": 0.0, ""missing_evidence"": 0.0, ""round_amount"": 1.0, ""satellite_signal"": null, ""vendor_network_signal"": 0.037}",Computational signal — needs human review.
950000150,Ashok Nair,Lakshmipuram Zilla Parishad,Installing tube-wells and borewells at Ramapuram,Ramapuram,4733000.0,LN/MP95150/2025-2026/32,12-Dec-2025,True,B,,,,synthetic,Installing tube-wells and borewells,Rama & Co,2025-12-12,23.8,Low,"{""cost_peer"": 0.0, ""missing_evidence"": 0.0, ""round_amount"": 1.0, ""satellite_signal"": null, ""vendor_network_signal"": 0.333}",Computational signal — needs human review.
950000012,Rajesh Chauhan,Gopalpuram Zilla Parishad,Construction of community center and community hall at Rajupalem,Rajupalem,999900.0,LN/MP95012/2025-2026/88,23-Jun-2025,True,A,osm_22,17.408889,78.605716,openstreetmap,community_centre,Vinayaka Infra Projects Pvt Ltd,2025-06-23,15.29,Low,"{""cost_peer"": 0.0, ""missing_evidence"": 0.0, ""round_amount"": 1.0, ""satellite_signal"": null, ""vendor_network_signal"": 0.035}",Computational signal — needs human review.
950000047,Ramesh Reddy,Chandranagar Municipal Corporation,Construction of community center and community hall at Sitanagar,Sitanagar,299148.0,LN/MP95047/2025-2026/26,19-Jun-2025,True,A,osm_29,17.305053,78.519723,openstreetmap,community_centre,National & Co,2025-06-19,15.06,Low,"{""cost_peer"": 0.0, ""missing_evidence"": 0.0, ""round_amount"": 1.0, ""satellite_signal"": null, ""vendor_network_signal"": 0.027}",Computational signal — needs human review.
950000026,Mahesh Rao,Krishnapet District Rural Development Agency,Construction of community center and community hall at Anandnagar,Anandnagar,369825.0,LN/MP95026/2025-2026/76,13-Jun-2025,True,A,osm_35,17.442587,78.498986,openstreetmap,community_centre,Rama & Co,2025-06-13,9.51,Low,"{""cost_peer"": 0.0, ""missing_evidence"": 0.0, ""round_amount"": 0.0, ""satellite_signal"": null, ""vendor_network_signal"": 0.333}",Computational signal — needs human review.
950000107,Ramesh Reddy,Gopalpuram Zilla Parishad,Setting up of laboratories at Subhashnagar,Subhashnagar,202600.0,LN/MP95107/2025-2026/54,03-Nov-2025,True,B,,,,synthetic,Setting up of laboratories,Rama & Co,2025-12-05,9.51,Low,"{""cost_peer"": 0.0, ""missing_evidence"": 0.0, ""round_amount"": 0.0, ""satellite_signal"": null, ""vendor_network_signal"": 0.333}",Computational signal — needs human review.
950000095,Ramesh Reddy,Devarakonda Municipal Corporation,Installing tube-wells and borewells at Chinnapet,Chinnapet,79333.0,LN/MP95095/2025-2026/31,06-Jul-2025,True,B,,,,synthetic,Installing tube-wells and borewells,Om Sai Builders,2025-07-06,9.51,Low,"{""cost_peer"": 0.0, ""missing_evidence"": 0.0, ""round_amount"": 0.0, ""satellite_signal"": null, ""vendor_network_signal"": 0.333}",Computational signal — needs human review.
950000036,Ravi Bhatt,Anjaneyanagar Municipal Corporation,Construction of community center and community hall at Krishnapuram,Krishnapuram,500000.0,LN/MP95036/2025-2026/34,08-Jun-2025,True,A,osm_31,17.322074,78.614866,openstreetmap,community_centre,Rama & Co,2025-06-08,23.8,Low,"{""cost_peer"": 0.0, ""missing_evidence"": 0.0, ""round_amount"": 1.0, ""satellite_signal"": null, ""vendor_network_signal"": 0.333}",Computational signal — needs human review.
950000138,Suresh Naik,Gopalpuram Zilla Parishad,Installing tube-wells and borewells at Subhashnagar,Subhashnagar,199945.0,LN/MP95138/2024-2025/26,15-Jun-2024,True,B,,,,synthetic,Installing tube-wells and borewells,Om Sai Builders,2024-06-15,23.8,Low,"{""cost_peer"": 0.0, ""missing_evidence"": 0.0, ""round_amount"": 1.0, ""satellite_signal"": null, ""vendor_network_signal"": 0.333}",Computational signal — needs human review.
950000053,Suresh Naik,Chandranagar Municipal Corporation,Construction of check dam / flood control embankment near Subhashnagar,Subhashnagar,449833.0,LN/MP95053/2026-2027/83,06-Jul-2026,True,A,osm_1,17.331216,78.364295,openstreetmap,dam,National & Co,2026-07-06,30.54,Moderate,"{""cost_peer"": 0.0, ""missing_evidence"": 0.0, ""round_amount"": 0.0, ""satellite_signal"": 1.0, ""vendor_network_signal"": 0.027}",Computational signal — needs human review.
950000122,Ashok Nair,Rangapuram Zilla Parishad,Street lights at Anandnagar,Anandnagar,979500.0,LN/MP95122/2025-2026/42,16-Nov-2025,True,B,,,,synthetic,Street lights,Om Sai Builders,2025-10-24,9.51,Low,"{""cost_peer"": 0.0, ""missing_evidence"": 0.0, ""round_amount"": 0.0, ""satellite_signal"": null, ""vendor_network_signal"": 0.333}",Computational signal — needs human review.
950000128,Naveen Gowda,Lakshmipuram Zilla Parishad,Street lights at Balajipet,Balajipet,495000.0,LN/MP95128/2025-2026/43,14-Oct-2025,True,B,,,,synthetic,Street lights,Southern Constructions,2025-10-14,9.46,Low,"{""cost_peer"": 0.0, ""missing_evidence"": 0.0, ""round_amount"": 0.0, ""satellite_signal"": null, ""vendor_network_signal"": 0.331}",Computational signal — needs human review.
950000078,Manoj Choudhary,Rangapuram Zilla Parishad,Street lights at Mahadevpet,Mahadevpet,495000.0,LN/MP95078/2025-2026/9,27-May-2025,True,B,,,,synthetic,Street lights,Sri Ganesh Builders,2025-05-27,18.26,Low,"{""cost_peer"": 0.0, ""missing_evidence"": 0.0, ""round_amount"": 0.0, ""satellite_signal"": null, ""vendor_network_signal"": 0.639}",Computational signal — needs human review.
950000018,Vikram Verma,Narsapur District Rural Development Agency,Construction of community center and community hall at Mahadevpet,Mahadevpet,349816.0,LN/MP95018/2025-2026/79,05-Jun-2025,True,A,osm_8,17.19526,79.090784,openstreetmap,community_centre,Southern Constructions,2025-06-05,36.62,Moderate,"{""cost_peer"": 0.0, ""missing_evidence"": 0.0, ""round_amount"": 0.0, ""satellite_signal"": 1.0, ""vendor_network_signal"": 0.331}",Computational signal — needs human review.
950000086,Arvind Dharmapuri,Krishnapet District Rural Development Agency,Providing CCTV camera system for security of public areas at Krishnapuram,Krishnapuram,375000.0,LN/MP95086/2025-2026/62,18-Oct-2025,True,B,,,,synthetic,Providing CCTV camera system for security of public areas,New Age Builders,2025-10-18,9.11,Low,"{""cost_peer"": 0.0, ""missing_evidence"": 0.0, ""round_amount"": 0.0, ""satellite_signal"": null, ""vendor_network_signal"": 0.319}",Computational signal — needs human review.
950000088,Prakash Yadav,Narsapur District Rural Development Agency,Installing hand pumps at Balajipet,Balajipet,71358.0,LN/MP95088/2025-2026/48,13-Apr-2025,True,B,,,,synthetic,Installing hand pumps,Sri Durga Constructions,2025-04-13,26.94,Low,"{""cost_peer"": 0.0, ""missing_evidence"": 0.0, ""round_amount"": 0.0, ""satellite_signal"": null, ""vendor_network_signal"": 0.943}",Computational signal — needs human review.
950000140,Ashok Nair,Devarakonda Municipal Corporation,Installing tube-wells and borewells at Subhashnagar,Subhashnagar,4744000.0,LN/MP95140/2025-2026/64,23-Dec-2025,True,B,,,,synthetic,Installing tube-wells and borewells,Sri Lakshmi Enterprises,2025-12-23,24.34,Low,"{""cost_peer"": 0.0, ""missing_evidence"": 0.0, ""round_amount"": 1.0, ""satellite_signal"": null, ""vendor_network_signal"": 0.352}",Computational signal — needs human review.
950000045,Harish Menon,Krishnapet District Rural Development Agency,Construction of community center and community hall at Malleswaram,Malleswaram,296538.0,LN/MP95045/2025-2026/12,03-Jun-2025,True,A,osm_40,17.45472,78.422932,openstreetmap,community_centre,Deccan Builders,2025-06-03,9.57,Low,"{""cost_peer"": 0.0, ""missing_evidence"": 0.0, ""round_amount"": 0.0, ""satellite_signal"": null, ""vendor_network_signal"": 0.335}",Computational signal — needs human review.
950000011,Harish Menon,Vasavipet District Rural Development Agency,Construction of community center and community hall at Gopalpet,Gopalpet,998502.0,LN/MP95011/2025-2026/90,02-Jun-2025,True,A,osm_27,17.302207,78.507245,openstreetmap,community_centre,Sai Ram Constructions,2025-06-02,23.91,Low,"{""cost_peer"": 0.0, ""missing_evidence"": 0.0, ""round_amount"": 1.0, ""satellite_signal"": null, ""vendor_network_signal"": 0.337}",Computational signal — needs human review.
950000132,Rajesh Chauhan,Chandranagar Municipal Corporation,Purchase of furniture and fixtures for educational purposes at Peddapuram,Peddapuram,1680900.0,LN/MP95132/2025-2026/27,13-Jul-2025,True,B,,,,synthetic,Purchase of furniture and fixtures for educational purposes,Metro Infra Projects Pvt Ltd,2025-07-13,43.57,Moderate,"{""cost_peer"": 1.0, ""missing_evidence"": 0.0, ""round_amount"": 0.0, ""satellite_signal"": null, ""vendor_network_signal"": 0.025}",Computational signal — needs human review.
950000063,Anand Sharma,Chandranagar Municipal Corporation,Street lights at Shivajinagar,Shivajinagar,499958.0,LN/MP95063/2025-2026/86,18-Aug-2025,True,B,,,,synthetic,Street lights,Vinayaka Infra Projects Pvt Ltd,2025-08-18,15.29,Low,"{""cost_peer"": 0.0, ""missing_evidence"": 0.0, ""round_amount"": 1.0, ""satellite_signal"": null, ""vendor_network_signal"": 0.035}",Computational signal — needs human review.
950000048,Mahesh Rao,Rangapuram Zilla Parishad,Construction of road with drainage system from Ambedkarnagar to nearby junction,Ambedkarnagar,1291290.0,LN/MP95048/2025-2026/44,11-Jun-2025,True,A,osm_48,17.275138,78.596847,openstreetmap,road,Rama & Co,2025-06-11,23.8,Low,"{""cost_peer"": 0.0, ""missing_evidence"": 0.0, ""round_amount"": 1.0, ""satellite_signal"": null, ""vendor_network_signal"": 0.333}",Computational signal — needs human review.
950000081,Kiran Mishra,Vasavipet District Rural Development Agency,Lighting of public spaces at Sitanagar,Sitanagar,249813.0,LN/MP95081/2025-2026/49,24-May-2025,True,B,,,,synthetic,Lighting of public spaces,Anjaneya Infra Projects Pvt Ltd,2025-05-24,1.06,Low,"{""cost_peer"": 0.0, ""missing_evidence"": 0.0, ""round_amount"": 0.0, ""satellite_signal"": null, ""vendor_network_signal"": 0.037}",Computational signal — needs human review.
950000080,Prakash Yadav,Rangapuram Zilla Parishad,Installing tube-wells and borewells at Gopalpet,Gopalpet,199704.0,LN/MP95080/2025-2026/28,14-Jul-2025,True,B,,,,synthetic,Installing tube-wells and borewells,Venkateswara Infra Projects Pvt Ltd,2025-07-14,23.63,Low,"{""cost_peer"": 0.0, ""missing_evidence"": 0.0, ""round_amount"": 1.0, ""satellite_signal"": null, ""vendor_network_signal"": 0.327}",Computational signal — needs human review.
950000126,Harish Menon,Devarakonda Municipal Corporation,Installing hand pumps at Balajipet,Balajipet,73969.0,LN/MP95126/2025-2026/40,28-Jul-2025,True,B,,,,synthetic,Installing hand pumps,Krishna & Co,2025-07-28,18.03,Low,"{""cost_peer"": 0.0, ""missing_evidence"": 0.0, ""round_amount"": 0.0, ""satellite_signal"": null, ""vendor_network_signal"": 0.631}",Computational signal — needs human review.
950000021,Anand Sharma,Gopalpuram Zilla Parishad,Construction of community center and community hall at Chinnapet,Chinnapet,300000.0,LN/MP95021/2025-2026/86,21-Jun-2025,True,A,osm_32,17.371054,78.579591,openstreetmap,community_centre,Anjaneya Infra Projects Pvt Ltd,2025-06-21,15.34,Low,"{""cost_peer"": 0.0, ""missing_evidence"": 0.0, ""round_amount"": 1.0, ""satellite_signal"": null, ""vendor_network_signal"": 0.037}",Computational signal — needs human review.
950000050,Mahesh Rao,Narsapur District Rural Development Agency,Construction of road with drainage system from Ambedkarnagar to nearby junction,Ambedkarnagar,1064671.59,LN/MP95050/2025-2026/24,22-Aug-2025,True,A,osm_48,17.275138,78.596847,openstreetmap,road,United Enterprises,2025-08-22,1.0,Low,"{""cost_peer"": 0.0, ""missing_evidence"": 0.0, ""round_amount"": 0.0, ""satellite_signal"": null, ""vendor_network_signal"": 0.035}",Computational signal — needs human review.
950000059,Naveen Gowda,Gopalpuram Zilla Parishad,Street lights at Subhashnagar,Subhashnagar,165993.0,LN/MP95059/2025-2026/74,09-Jun-2025,True,B,,,,synthetic,Street lights,Venkateswara Infra Projects Pvt Ltd,2025-06-09,9.34,Low,"{""cost_peer"": 0.0, ""missing_evidence"": 0.0, ""round_amount"": 0.0, ""satellite_signal"": null, ""vendor_network_signal"": 0.327}",Computational signal — needs human review.
950000149,Ashok Nair,Devarakonda Municipal Corporation,Installing tube-wells and borewells at Chinnapet,Chinnapet,4722000.0,LN/MP95149/2025-2026/23,08-Jun-2025,True,B,,,,synthetic,Installing tube-wells and borewells,Sri Lakshmi Enterprises,2025-06-08,24.34,Low,"{""cost_peer"": 0.0, ""missing_evidence"": 0.0, ""round_amount"": 1.0, ""satellite_signal"": null, ""vendor_network_signal"": 0.352}",Computational signal — needs human review.
950000130,Harish Menon,Vasavipet District Rural Development Agency,Installing hand pumps at Ramapuram,Ramapuram,74500.0,LN/MP95130/2025-2026/32,07-Jul-2025,True,B,,,,synthetic,Installing hand pumps,Sri Ganesh Builders,2025-07-07,18.26,Low,"{""cost_peer"": 0.0, ""missing_evidence"": 0.0, ""round_amount"": 0.0, ""satellite_signal"": null, ""vendor_network_signal"": 0.639}",Computational signal — needs human review.
950000113,Sanjay Patil,Vasavipet District Rural Development Agency,Street lights at Anandnagar,Anandnagar,495000.0,LN/MP95113/2025-2026/49,06-Apr-2025,True,B,,,,synthetic,Street lights,New Age Builders,2025-04-06,9.11,Low,"{""cost_peer"": 0.0, ""missing_evidence"": 0.0, ""round_amount"": 0.0, ""satellite_signal"": null, ""vendor_network_signal"": 0.319}",Computational signal — needs human review.
950000062,Kiran Mishra,Narsapur District Rural Development Agency,Lighting of public spaces at Subhashnagar,Subhashnagar,100000.0,LN/MP95062/2025-2026/31,10-Oct-2025,True,B,,,,synthetic,Lighting of public spaces,Sri Ganesh Builders,2025-10-10,32.54,Moderate,"{""cost_peer"": 0.0, ""missing_evidence"": 0.0, ""round_amount"": 1.0, ""satellite_signal"": null, ""vendor_network_signal"": 0.639}",Computational signal — needs human review.
950000124,Deepak Iyer,Vasavipet District Rural Development Agency,Street lights at Rajupalem,Rajupalem,697000.0,LN/MP95124/2025-2026/37,20-Aug-2025,True,B,,,,synthetic,Street lights,Vinayaka Infra Projects Pvt Ltd,2025-08-20,15.29,Low,"{""cost_peer"": 0.0, ""missing_evidence"": 0.0, ""round_amount"": 1.0, ""satellite_signal"": null, ""vendor_network_signal"": 0.035}",Computational signal — needs human review.
950000145,Ashok Nair,Chandranagar Municipal Corporation,Installing tube-wells and borewells at Ambedkarnagar,Ambedkarnagar,4629000.0,LN/MP95145/2025-2026/16,21-Oct-2025,True,B,,,,synthetic,Installing tube-wells and borewells,Sri Lakshmi Enterprises,2025-10-21,24.34,Low,"{""cost_peer"": 0.0, ""missing_evidence"": 0.0, ""round_amount"": 1.0, ""satellite_signal"": null, ""vendor_network_signal"": 0.352}",Computational signal — needs human review.
950000022,Vijay Pillai,Bhavanipet Zilla Parishad,Construction of community center and community hall at Ramapuram,Ramapuram,1491665.0,LN/MP95022/2025-2026/29,28-Jun-2025,True,A,osm_26,17.410838,78.556462,openstreetmap,community_centre,Krishna & Co,2025-06-28,32.31,Moderate,"{""cost_peer"": 0.0, ""missing_evidence"": 0.0, ""round_amount"": 1.0, ""satellite_signal"": null, ""vendor_network_signal"": 0.631}",Computational signal — needs human review.
950000010,Ravi Bhatt,Narsapur District Rural Development Agency,Construction of community center and community hall at Krishnapuram,Krishnapuram,300000.0,LN/MP95010/2025-2026/5,18-Jun-2025,True,A,osm_16,17.421538,78.409686,openstreetmap,community_centre,United Enterprises,2025-06-18,15.29,Low,"{""cost_peer"": 0.0, ""missing_evidence"": 0.0, ""round_amount"": 1.0, ""satellite_signal"": null, ""vendor_network_signal"": 0.035}",Computational signal — needs human review.
950000034,Kiran Mishra,Vasavipet District Rural Development Agency,Construction of road with drainage system from Narsingapur to nearby junction,Narsingapur,498748.0,LN/MP95034/2025-2026/89,23-Jun-2025,True,A,osm_46,17.025049,78.585314,openstreetmap,road,Metro Infra Projects Pvt Ltd,2025-06-23,15.0,Low,"{""cost_peer"": 0.0, ""missing_evidence"": 0.0, ""round_amount"": 1.0, ""satellite_signal"": null, ""vendor_network_signal"": 0.025}",Computational signal — needs human review.
950000046,Manoj Choudhary,Bhavanipet Zilla Parishad,Construction of road with drainage system from Veerapuram to nearby junction,Veerapuram,1196185.0,LN/MP95046/2025-2026/28,13-Jun-2025,True,A,osm_49,17.25308,78.353671,openstreetmap,road,Metro Infra Projects Pvt Ltd,2025-06-13,15.0,Low,"{""cost_peer"": 0.0, ""missing_evidence"": 0.0, ""round_amount"": 1.0, ""satellite_signal"": null, ""vendor_network_signal"": 0.025}",Computational signal — needs human review.
950000020,Mahesh Rao,Lakshmipuram Zilla Parishad,Construction of community center and community hall at Veerapuram,Veerapuram,398183.0,LN/MP95020/2025-2026/43,05-Jun-2025,True,A,osm_39,17.456129,78.422125,openstreetmap,community_centre,Sri Lakshmi Enterprises,2025-06-05,24.34,Low,"{""cost_peer"": 0.0, ""missing_evidence"": 0.0, ""round_amount"": 1.0, ""satellite_signal"": null, ""vendor_network_signal"": 0.352}",Computational signal — needs human review.
950000111,Prakash Yadav,Rangapuram Zilla Parishad,Street lights at Anandnagar,Anandnagar,850000.0,LN/MP95111/2025-2026/17,06-Nov-2025,True,B,,,,synthetic,Street lights,United Enterprises,2025-11-06,1.0,Low,"{""cost_peer"": 0.0, ""missing_evidence"": 0.0, ""round_amount"": 0.0, ""satellite_signal"": null, ""vendor_network_signal"": 0.035}",Computational signal — needs human review.
950000137,Shankar Joshi,Chandranagar Municipal Corporation,Installing hand pumps at Kondapur,Kondapur,995500.0,LN/MP95137/2025-2026/44,27-Sep-2025,True,B,,,,synthetic,Installing hand pumps,Vinayaka Infra Projects Pvt Ltd,2025-09-27,15.29,Low,"{""cost_peer"": 0.0, ""missing_evidence"": 0.0, ""round_amount"": 1.0, ""satellite_signal"": null, ""vendor_network_signal"": 0.035}",Computational signal — needs human review.
950000024,Suresh Naik,Bhavanipet Zilla Parishad,Construction of road with drainage system from Mahadevpet to nearby junction,Mahadevpet,988061.0,LN/MP95024/2025-2026/47,24-Jun-2025,True,A,osm_47,17.298229,78.552333,openstreetmap,road,Sri Lakshmi Enterprises,2025-06-24,10.06,Low,"{""cost_peer"": 0.0, ""missing_evidence"": 0.0, ""round_amount"": 0.0, ""satellite_signal"": null, ""vendor_network_signal"": 0.352}",Computational signal — needs human review.
950000136,Ashok Nair,Chandranagar Municipal Corporation,Installing tube-wells and borewells at Malleswaram,Malleswaram,999900.0,LN/MP95136/2025-2026/27,18-Sep-2025,True,B,,,,synthetic,Installing tube-wells and borewells,Sri Durga Constructions,2025-09-18,41.23,Moderate,"{""cost_peer"": 0.0, ""missing_evidence"": 0.0, ""round_amount"": 1.0, ""satellite_signal"": null, ""vendor_network_signal"": 0.943}",Computational signal — needs human review.
950000112,Ashok Nair,Narsapur District Rural Development Agency,Street lights at Yellareddyguda,Yellareddyguda,995950.0,LN/MP95112/2025-2026/89,04-Apr-2025,True,B,,,,synthetic,Street lights,Sri Lakshmi Enterprises,2025-04-04,24.34,Low,"{""cost_peer"": 0.0, ""missing_evidence"": 0.0, ""round_amount"": 1.0, ""satellite_signal"": null, ""vendor_network_signal"": 0.352}",Computational signal — needs human review.
950000075,Sanjay Patil,Gopalpuram Zilla Parishad,Setting up of laboratories at Yellareddyguda,Yellareddyguda,2475000.0,LN/MP95075/2025-2026/81,01-Jul-2025,True,B,,,,synthetic,Setting up of laboratories,Venkateswara Infra Projects Pvt Ltd,2025-07-01,9.34,Low,"{""cost_peer"": 0.0, ""missing_evidence"": 0.0, ""round_amount"": 0.0, ""satellite_signal"": null, ""vendor_network_signal"": 0.327}",Computational signal — needs human review.
950000001,Prakash Yadav,Narsapur District Rural Development Agency,Construction of community center and community hall at Mahadevpet,Mahadevpet,796448.0,LN/MP95001/2025-2026/73,04-Jun-2025,True,A,osm_42,17.034058,78.888104,openstreetmap,community_centre,Sri Lakshmi Enterprises,2025-06-04,24.34,Low,"{""cost_peer"": 0.0, ""missing_evidence"": 0.0, ""round_amount"": 1.0, ""satellite_signal"": null, ""vendor_network_signal"": 0.352}",Computational signal — needs human review.
950000072,Kiran Mishra,Gopalpuram Zilla Parishad,Setting up of laboratories at Ramapuram,Ramapuram,500800.0,LN/MP95072/2025-2026/15,08-Sep-2025,True,B,,,,synthetic,Setting up of laboratories,Krishna & Co,2025-06-08,32.31,Moderate,"{""cost_peer"": 0.0, ""missing_evidence"": 0.0, ""round_amount"": 1.0, ""satellite_signal"": null, ""vendor_network_signal"": 0.631}",Computational signal — needs human review.
950000123,Ashok Nair,Narsapur District Rural Development Agency,Lighting of public spaces at Subhashnagar,Subhashnagar,988000.0,LN/MP95123/2025-2026/52,12-Jun-2025,True,B,,,,synthetic,Lighting of public spaces,Om Sai Builders,2025-10-21,9.51,Low,"{""cost_peer"": 0.0, ""missing_evidence"": 0.0, ""round_amount"": 0.0, ""satellite_signal"": null, ""vendor_network_signal"": 0.333}",Computational signal — needs human review.
950000083,Vijay Pillai,Vasavipet District Rural Development Agency,Installing tube-wells and borewells at Mahadevpet,Mahadevpet,199079.0,LN/MP95083/2025-2026/74,06-Sep-2025,True,B,,,,synthetic,Installing tube-wells and borewells,Sri Durga Constructions,2025-09-06,41.23,Moderate,"{""cost_peer"": 0.0, ""missing_evidence"": 0.0, ""round_amount"": 1.0, ""satellite_signal"": null, ""vendor_network_signal"": 0.943}",Computational signal — needs human review.
950000064,Naveen Gowda,Devarakonda Municipal Corporation,Street lights at Chinnapet,Chinnapet,500000.0,LN/MP95064/2025-2026/4,28-Apr-2025,True,B,,,,synthetic,Street lights,Sri Lakshmi Enterprises,2025-04-28,24.34,Low,"{""cost_peer"": 0.0, ""missing_evidence"": 0.0, ""round_amount"": 1.0, ""satellite_signal"": null, ""vendor_network_signal"": 0.352}",Computational signal — needs human review.
950000044,Prakash Yadav,Rangapuram Zilla Parishad,Construction of community center and community hall at Gopalpet,Gopalpet,400000.0,LN/MP95044/2025-2026/49,01-Jun-2025,True,A,osm_7,17.430039,78.500269,openstreetmap,community_centre,Sai Ram Constructions,2025-06-01,46.74,Moderate,"{""cost_peer"": 0.0, ""missing_evidence"": 0.0, ""round_amount"": 1.0, ""satellite_signal"": 1.0, ""vendor_network_signal"": 0.337}",Computational signal — needs human review.
950000074,Ramesh Reddy,Gopalpuram Zilla Parishad,Lighting of public spaces at Shivajinagar,Shivajinagar,96117.0,LN/MP95074/2025-2026/30,08-Nov-2025,True,B,,,,synthetic,Lighting of public spaces,Vinayaka Infra Projects Pvt Ltd,2025-11-08,1.0,Low,"{""cost_peer"": 0.0, ""missing_evidence"": 0.0, ""round_amount"": 0.0, ""satellite_signal"": null, ""vendor_network_signal"": 0.035}",Computational signal — needs human review.
950000029,Anand Sharma,Rangapuram Zilla Parishad,Construction of community center and community hall at Peddapuram,Peddapuram,482651.0,LN/MP95029/2025-2026/7,19-Jun-2025,True,A,osm_6,17.330214,78.597419,openstreetmap,community_centre,Sri Ganesh Builders,2025-06-19,42.78,Moderate,"{""cost_peer"": 0.0, ""missing_evidence"": 0.0, ""round_amount"": 0.0, ""satellite_signal"": 1.0, ""vendor_network_signal"": 0.639}",Computational signal — needs human review.
950000135,Vikram Verma,Lakshmipuram Zilla Parishad,Lighting of public spaces at Chinnapet,Chinnapet,249883.0,LN/MP95135/2025-2026/85,28-May-2025,False,B,,,,synthetic,Lighting of public spaces,Sri Ganesh Builders,2025-05-28,32.54,Moderate,"{""cost_peer"": 0.0, ""missing_evidence"": 1.0, ""round_amount"": 0.0, ""satellite_signal"": null, ""vendor_network_signal"": 0.639}",Computational signal — needs human review.
950000073,Mahesh Rao,Rangapuram Zilla Parishad,Street lights at Yellareddyguda,Yellareddyguda,495000.0,LN/MP95073/2025-2026/39,22-Dec-2025,True,B,,,,synthetic,Street lights,United Enterprises,2025-12-22,1.0,Low,"{""cost_peer"": 0.0, ""missing_evidence"": 0.0, ""round_amount"": 0.0, ""satellite_signal"": null, ""vendor_network_signal"": 0.035}",Computational signal — needs human review.
950000076,Manoj Choudhary,Rangapuram Zilla Parishad,Lighting of public spaces at Ambedkarnagar,Ambedkarnagar,965000.0,LN/MP95076/2025-2026/31,01-Aug-2025,True,B,,,,synthetic,Lighting of public spaces,Sri Balaji Constructions,2025-08-01,0.6,Low,"{""cost_peer"": 0.0, ""missing_evidence"": 0.0, ""round_amount"": 0.0, ""satellite_signal"": null, ""vendor_network_signal"": 0.021}",Computational signal — needs human review.
950000031,Suresh Naik,Narsapur District Rural Development Agency,Construction of community center and community hall at Malleswaram,Malleswaram,597677.0,LN/MP95031/2025-2026/18,18-Jun-2025,True,A,osm_25,17.397967,78.456501,openstreetmap,community_centre,Sri Ganesh Builders,2025-06-18,32.54,Moderate,"{""cost_peer"": 0.0, ""missing_evidence"": 0.0, ""round_amount"": 1.0, ""satellite_signal"": null, ""vendor_network_signal"": 0.639}",Computational signal — needs human review.
950000103,Harish Menon,Krishnapet District Rural Development Agency,Installing tube-wells and borewells at Mahadevpet,Mahadevpet,199971.0,LN/MP95103/2025-2026/36,22-Nov-2025,True,B,,,,synthetic,Installing tube-wells and borewells,Sri Ganesh Builders,2025-11-22,32.54,Moderate,"{""cost_peer"": 0.0, ""missing_evidence"": 0.0, ""round_amount"": 1.0, ""satellite_signal"": null, ""vendor_network_signal"": 0.639}",Computational signal — needs human review.
950000115,Harish Menon,Chandranagar Municipal Corporation,Lighting of public spaces at Anandnagar,Anandnagar,997000.0,LN/MP95115/2025-2026/71,12-Dec-2025,True,B,,,,synthetic,Lighting of public spaces,Sai Ram Constructions,2025-12-12,23.91,Low,"{""cost_peer"": 0.0, ""missing_evidence"": 0.0, ""round_amount"": 1.0, ""satellite_signal"": null, ""vendor_network_signal"": 0.337}",Computational signal — needs human review.
950000108,Ramesh Reddy,Anjaneyanagar Municipal Corporation,Street lights at Sitanagar,Sitanagar,697000.0,LN/MP95108/2025-2026/72,19-Sep-2025,True,B,,,,synthetic,Street lights,Om Sai Builders,2025-09-19,23.8,Low,"{""cost_peer"": 0.0, ""missing_evidence"": 0.0, ""round_amount"": 1.0, ""satellite_signal"": null, ""vendor_network_signal"": 0.333}",Computational signal — needs human review.
950000049,Prakash Yadav,Chandranagar Municipal Corporation,Construction of check dam / flood control embankment near Yellareddyguda,Yellareddyguda,2000000.0,LN/MP95049/2025-2026/5,27-Jun-2025,True,A,osm_2,17.375973,78.316913,openstreetmap,dam,Southern Constructions,2025-06-27,46.62,Moderate,"{""cost_peer"": 0.0, ""missing_evidence"": 0.0, ""round_amount"": 1.0, ""satellite_signal"": 1.0, ""vendor_network_signal"": 0.331}",Computational signal — needs human review.
950000009,Vijay Pillai,Krishnapet District Rural Development Agency,Construction of community center and community hall at Mahadevpet,Mahadevpet,1347077.0,LN/MP95009/2025-2026/52,05-Jun-2025,True,A,osm_34,17.440019,78.496209,openstreetmap,community_centre,Om Sai Builders,2025-06-05,9.51,Low,"{""cost_peer"": 0.0, ""missing_evidence"": 0.0, ""round_amount"": 0.0, ""satellite_signal"": null, ""vendor_network_signal"": 0.333}",Computational signal — needs human review.
950000038,Kiran Mishra,Devarakonda Municipal Corporation,Construction of community center and community hall at Gopalpet,Gopalpet,499270.0,LN/MP95038/2025-2026/42,18-Jun-2025,True,A,osm_3,17.395488,78.491215,openstreetmap,community_centre,Sri Lakshmi Enterprises,2025-06-18,47.04,Moderate,"{""cost_peer"": 0.0, ""missing_evidence"": 0.0, ""round_amount"": 1.0, ""satellite_signal"": 1.0, ""vendor_network_signal"": 0.352}",Computational signal — needs human review.
950000066,Vikram Verma,Devarakonda Municipal Corporation,Street lights at Kondapur,Kondapur,697000.0,LN/MP95066/2025-2026/65,10-Nov-2025,True,B,,,,synthetic,Street lights,Sri Durga Constructions,2025-11-10,41.23,Moderate,"{""cost_peer"": 0.0, ""missing_evidence"": 0.0, ""round_amount"": 1.0, ""satellite_signal"": null, ""vendor_network_signal"": 0.943}",Computational signal — needs human review.
950000117,Vikram Verma,Lakshmipuram Zilla Parishad,Installing hand pumps at Yellareddyguda,Yellareddyguda,992400.0,LN/MP95117/2025-2026/3,27-May-2025,True,B,,,,synthetic,Installing hand pumps,Sri Durga Constructions,2025-08-10,41.23,Moderate,"{""cost_peer"": 0.0, ""missing_evidence"": 0.0, ""round_amount"": 1.0, ""satellite_signal"": null, ""vendor_network_signal"": 0.943}",Computational signal — needs human review.
950000006,Kiran Mishra,Gopalpuram Zilla Parishad,Construction of community center and community hall at Chinnapet,Chinnapet,496629.0,LN/MP95006/2025-2026/89,08-Jun-2025,True,A,osm_10,17.564623,78.455604,openstreetmap,community_centre,United Enterprises,2025-06-08,40.7,Moderate,"{""cost_peer"": 0.0, ""missing_evidence"": 0.0, ""round_amount"": 1.0, ""satellite_signal"": 1.0, ""vendor_network_signal"": 0.035}",Computational signal — needs human review.
950000023,Anand Sharma,Chandranagar Municipal Corporation,Construction of community center and community hall at Anandnagar,Anandnagar,499598.0,LN/MP95023/2025-2026/16,16-Jun-2025,True,A,osm_15,17.355405,78.467961,openstreetmap,community_centre,Anjaneya Infra Projects Pvt Ltd,2025-06-16,15.34,Low,"{""cost_peer"": 0.0, ""missing_evidence"": 0.0, ""round_amount"": 1.0, ""satellite_signal"": null, ""vendor_network_signal"": 0.037}",Computational signal — needs human review.
950000106,Vikram Verma,Anjaneyanagar Municipal Corporation,Providing CCTV camera system for security of public areas at Malleswaram,Malleswaram,125000.0,LN/MP95106/2025-2026/56,08-Jul-2025,True,B,,,,synthetic,Providing CCTV camera system for security of public areas,Anjaneya Infra Projects Pvt Ltd,2025-07-08,1.06,Low,"{""cost_peer"": 0.0, ""missing_evidence"": 0.0, ""round_amount"": 0.0, ""satellite_signal"": null, ""vendor_network_signal"": 0.037}",Computational signal — needs human review.
950000027,Vijay Pillai,Lakshmipuram Zilla Parishad,Construction of community center and community hall at Yellareddyguda,Yellareddyguda,299418.0,LN/MP95027/2025-2026/70,22-Jun-2025,True,A,osm_5,17.18914,79.089877,openstreetmap,community_centre,Bhavani Enterprises,2025-06-22,40.28,Moderate,"{""cost_peer"": 0.0, ""missing_evidence"": 0.0, ""round_amount"": 1.0, ""satellite_signal"": 1.0, ""vendor_network_signal"": 0.014}",Computational signal — needs human review.
950000098,Prakash Yadav,Chandranagar Municipal Corporation,Lighting of public spaces at Shivajinagar,Shivajinagar,994740.0,LN/MP95098/2025-2026/16,15-May-2025,True,B,,,,synthetic,Lighting of public spaces,Krishna & Co,2025-05-15,32.31,Moderate,"{""cost_peer"": 0.0, ""missing_evidence"": 0.0, ""round_amount"": 1.0, ""satellite_signal"": null, ""vendor_network_signal"": 0.631}",Computational signal — needs human review.
950000061,Deepak Iyer,Rangapuram Zilla Parishad,Installing tube-wells and borewells at Subhashnagar,Subhashnagar,199960.0,LN/MP95061/2025-2026/73,21-Aug-2025,True,B,,,,synthetic,Installing tube-wells and borewells,National & Co,2025-08-21,15.06,Low,"{""cost_peer"": 0.0, ""missing_evidence"": 0.0, ""round_amount"": 1.0, ""satellite_signal"": null, ""vendor_network_signal"": 0.027}",Computational signal — needs human review.
950000121,Ashok Nair,Devarakonda Municipal Corporation,Street lights at Veerapuram,Veerapuram,134961.0,LN/MP95121/2025-2026/32,24-Dec-2025,True,B,,,,synthetic,Street lights,Sri Lakshmi Enterprises,2025-12-24,10.06,Low,"{""cost_peer"": 0.0, ""missing_evidence"": 0.0, ""round_amount"": 0.0, ""satellite_signal"": null, ""vendor_network_signal"": 0.352}",Computational signal — needs human review.
950000037,Suresh Naik,Krishnapet District Rural Development Agency,Construction of community center and community hall at Subhashnagar,Subhashnagar,295405.0,LN/MP95037/2025-2026/20,18-Jun-2025,True,A,osm_23,17.329713,78.577755,openstreetmap,community_centre,Sai Ram Constructions,2025-06-18,9.63,Low,"{""cost_peer"": 0.0, ""missing_evidence"": 0.0, ""round_amount"": 0.0, ""satellite_signal"": null, ""vendor_network_signal"": 0.337}",Computational signal — needs human review.
950000144,Ashok Nair,Anjaneyanagar Municipal Corporation,Street lights at Balajipet,Balajipet,4618000.0,LN/MP95144/2025-2026/24,28-Sep-2025,True,B,,,,synthetic,Street lights,Sri Lakshmi Enterprises,2025-09-28,67.2,High,"{""cost_peer"": 1.0, ""missing_evidence"": 0.0, ""round_amount"": 1.0, ""satellite_signal"": null, ""vendor_network_signal"": 0.352}",Computational signal — needs human review.
950000077,Rajesh Chauhan,Gopalpuram Zilla Parishad,Purchase of furniture and fixtures for educational purposes at Balajipet,Balajipet,249990.0,LN/MP95077/2025-2026/40,12-Sep-2025,True,B,,,,synthetic,Purchase of furniture and fixtures for educational purposes,Sri Lakshmi Enterprises,2025-09-12,10.06,Low,"{""cost_peer"": 0.0, ""missing_evidence"": 0.0, ""round_amount"": 0.0, ""satellite_signal"": null, ""vendor_network_signal"": 0.352}",Computational signal — needs human review.
950000019,Vijay Pillai,Gopalpuram Zilla Parishad,Construction of community center and community hall at Kondapur,Kondapur,399551.0,LN/MP95019/2025-2026/46,04-Jun-2025,True,A,osm_19,17.381625,78.561095,openstreetmap,community_centre,Sri Durga Constructions,2025-06-04,41.23,Moderate,"{""cost_peer"": 0.0, ""missing_evidence"": 0.0, ""round_amount"": 1.0, ""satellite_signal"": null, ""vendor_network_signal"": 0.943}",Computational signal — needs human review.
950000068,Shankar Joshi,Bhavanipet Zilla Parishad,Setting up of laboratories at Balajipet,Balajipet,2470000.0,LN/MP95068/2025-2026/8,02-Aug-2025,True,B,,,,synthetic,Setting up of laboratories,New Age Builders,2025-08-02,9.11,Low,"{""cost_peer"": 0.0, ""missing_evidence"": 0.0, ""round_amount"": 0.0, ""satellite_signal"": null, ""vendor_network_signal"": 0.319}",Computational signal — needs human review.
950000134,Ravi Bhatt,Chandranagar Municipal Corporation,Installing tube-wells and borewells at Yellareddyguda,Yellareddyguda,137461.0,LN/MP95134/2025-2026/3,27-May-2025,False,B,,,,synthetic,Installing tube-wells and borewells,Om Sai Builders,2025-05-27,23.8,Low,"{""cost_peer"": 0.0, ""missing_evidence"": 1.0, ""round_amount"": 0.0, ""satellite_signal"": null, ""vendor_network_signal"": 0.333}",Computational signal — needs human review.
950000092,Anand Sharma,Vasavipet District Rural Development Agency,Lighting of public spaces at Chinnapet,Chinnapet,965000.0,LN/MP95092/2025-2026/12,20-May-2025,True,B,,,,synthetic,Lighting of public spaces,Sri Lakshmi Enterprises,2025-05-20,10.06,Low,"{""cost_peer"": 0.0, ""missing_evidence"": 0.0, ""round_amount"": 0.0, ""satellite_signal"": null, ""vendor_network_signal"": 0.352}",Computational signal — needs human review.
950000147,Ashok Nair,Gopalpuram Zilla Parishad,Street lights at Peddapuram,Peddapuram,4646000.0,LN/MP95147/2025-2026/61,14-Aug-2025,True,B,,,,synthetic,Street lights,Sri Lakshmi Enterprises,2025-08-14,52.91,Moderate,"{""cost_peer"": 1.0, ""missing_evidence"": 0.0, ""round_amount"": 0.0, ""satellite_signal"": null, ""vendor_network_signal"": 0.352}",Computational signal — needs human review.
950000148,Ashok Nair,Anjaneyanagar Municipal Corporation,Installing hand pumps at Shivajinagar,Shivajinagar,4747000.0,LN/MP95148/2025-2026/90,06-Dec-2025,True,B,,,,synthetic,Installing hand pumps,Sri Lakshmi Enterprises,2025-12-06,10.06,Low,"{""cost_peer"": 0.0, ""missing_evidence"": 0.0, ""round_amount"": 0.0, ""satellite_signal"": null, ""vendor_network_signal"": 0.352}",Computational signal — needs human review.
950000118,Ashok Nair,Bhavanipet Zilla Parishad,Street lights at Shivajinagar,Shivajinagar,697000.0,LN/MP95118/2025-2026/50,05-Nov-2025,True,B,,,,synthetic,Street lights,Anjaneya Infra Projects Pvt Ltd,2025-11-05,15.34,Low,"{""cost_peer"": 0.0, ""missing_evidence"": 0.0, ""round_amount"": 1.0, ""satellite_signal"": null, ""vendor_network_signal"": 0.037}",Computational signal — needs human review.
950000028,Harish Menon,Lakshmipuram Zilla Parishad,Construction of community center and community hall at Ramapuram,Ramapuram,497267.0,LN/MP95028/2025-2026/34,16-Jun-2025,True,A,osm_12,17.312763,78.575762,openstreetmap,community_centre,Deccan Builders,2025-06-16,23.86,Low,"{""cost_peer"": 0.0, ""missing_evidence"": 0.0, ""round_amount"": 1.0, ""satellite_signal"": null, ""vendor_network_signal"": 0.335}",Computational signal — needs human review.
950000060,Suresh Naik,Rangapuram Zilla Parishad,Purchase of furniture and fixtures for educational purposes at Yellareddyguda,Yellareddyguda,249990.0,LN/MP95060/2025-2026/56,28-Oct-2025,True,B,,,,synthetic,Purchase of furniture and fixtures for educational purposes,Om Sai Builders,2025-10-28,9.51,Low,"{""cost_peer"": 0.0, ""missing_evidence"": 0.0, ""round_amount"": 0.0, ""satellite_signal"": null, ""vendor_network_signal"": 0.333}",Computational signal — needs human review.
950000056,Sanjay Patil,Chandranagar Municipal Corporation,Purchase of furniture and fixtures for educational purposes at Gopalpet,Gopalpet,249990.0,LN/MP95056/2025-2026/75,28-Jun-2025,True,B,,,,synthetic,Purchase of furniture and fixtures for educational purposes,United Enterprises,2025-06-28,1.0,Low,"{""cost_peer"": 0.0, ""missing_evidence"": 0.0, ""round_amount"": 0.0, ""satellite_signal"": null, ""vendor_network_signal"": 0.035}",Computational signal — needs human review.
950000139,Suresh Naik,Anjaneyanagar Municipal Corporation,Installing tube-wells and borewells at Subhashnagar,Subhashnagar,199945.0,LN/MP95139/2025-2026/18,15-Jun-2025,True,B,,,,synthetic,Installing tube-wells and borewells,Southern Constructions,2025-06-15,23.74,Low,"{""cost_peer"": 0.0, ""missing_evidence"": 0.0, ""round_amount"": 1.0, ""satellite_signal"": null, ""vendor_network_signal"": 0.331}",Computational signal — needs human review.
950000079,Ramesh Reddy,Narsapur District Rural Development Agency,Street lights at Narsingapur,Narsingapur,203400.0,LN/MP95079/2025-2026/36,09-Jul-2025,True,B,,,,synthetic,Street lights,Sri Ganesh Builders,2025-12-05,18.26,Low,"{""cost_peer"": 0.0, ""missing_evidence"": 0.0, ""round_amount"": 0.0, ""satellite_signal"": null, ""vendor_network_signal"": 0.639}",Computational signal — needs human review.
950000070,Vijay Pillai,Lakshmipuram Zilla Parishad,Purchase of furniture and fixtures for educational purposes at Venkatapuram,Venkatapuram,249990.0,LN/MP95070/2025-2026/52,05-Aug-2025,True,B,,,,synthetic,Purchase of furniture and fixtures for educational purposes,Bhavani Enterprises,2025-08-05,0.4,Low,"{""cost_peer"": 0.0, ""missing_evidence"": 0.0, ""round_amount"": 0.0, ""satellite_signal"": null, ""vendor_network_signal"": 0.014}",Computational signal — needs human review.
950000035,Mahesh Rao,Krishnapet District Rural Development Agency,Construction of community center and community hall at Balajipet,Balajipet,399322.0,LN/MP95035/2025-2026/54,13-Jun-2025,True,A,osm_14,17.497148,78.416516,openstreetmap,community_centre,Rama & Co,2025-06-13,23.8,Low,"{""cost_peer"": 0.0, ""missing_evidence"": 0.0, ""round_amount"": 1.0, ""satellite_signal"": null, ""vendor_network_signal"": 0.333}",Computational signal — needs human review.
950000102,Mahesh Rao,Vasavipet District Rural Development Agency,Installing hand pumps at Peddapuram,Peddapuram,74500.0,LN/MP95102/2025-2026/73,28-Sep-2025,True,B,,,,synthetic,Installing hand pumps,Sai Ram Constructions,2025-09-28,9.63,Low,"{""cost_peer"": 0.0, ""missing_evidence"": 0.0, ""round_amount"": 0.0, ""satellite_signal"": null, ""vendor_network_signal"": 0.337}",Computational signal — needs human review.
950000030,Shankar Joshi,Krishnapet District Rural Development Agency,Construction of community center and community hall at Mahadevpet,Mahadevpet,198105.0,LN/MP95030/2025-2026/42,13-Jun-2025,True,A,osm_30,18.200798,79.395936,openstreetmap,community_centre,Sri Balaji Constructions,2025-06-13,14.89,Low,"{""cost_peer"": 0.0, ""missing_evidence"": 0.0, ""round_amount"": 1.0, ""satellite_signal"": null, ""vendor_network_signal"": 0.021}",Computational signal — needs human review.
950000109,Vijay Pillai,Bhavanipet Zilla Parishad,Lighting of public spaces at Yellareddyguda,Yellareddyguda,997450.0,LN/MP95109/2025-2026/60,08-Oct-2025,True,B,,,,synthetic,Lighting of public spaces,Bhavani Enterprises,2025-10-08,14.69,Low,"{""cost_peer"": 0.0, ""missing_evidence"": 0.0, ""round_amount"": 1.0, ""satellite_signal"": null, ""vendor_network_signal"": 0.014}",Computational signal — needs human review.
950000142,Ashok Nair,Gopalpuram Zilla Parishad,Installing tube-wells and borewells at Peddapuram,Peddapuram,4826000.0,LN/MP95142/2025-2026/60,06-Sep-2025,True,B,,,,synthetic,Installing tube-wells and borewells,Sri Lakshmi Enterprises,2025-09-06,24.34,Low,"{""cost_peer"": 0.0, ""missing_evidence"": 0.0, ""round_amount"": 1.0, ""satellite_signal"": null, ""vendor_network_signal"": 0.352}",Computational signal — needs human review.
950000040,Prakash Yadav,Anjaneyanagar Municipal Corporation,Construction of community center and community hall at Chandrapuram,Chandrapuram,440607.0,LN/MP95040/2025-2026/8,27-Jun-2025,True,A,osm_13,17.077397,78.208324,openstreetmap,community_centre,Sai Ram Constructions,2025-06-27,9.63,Low,"{""cost_peer"": 0.0, ""missing_evidence"": 0.0, ""round_amount"": 0.0, ""satellite_signal"": null, ""vendor_network_signal"": 0.337}",Computational signal — needs human review.
950000087,Mohan Shetty,Rangapuram Zilla Parishad,Purchase of furniture and fixtures for educational purposes at Sitanagar,Sitanagar,249990.0,LN/MP95087/2025-2026/56,19-Sep-2025,True,B,,,,synthetic,Purchase of furniture and fixtures for educational purposes,Krishna & Co,2025-09-19,18.03,Low,"{""cost_peer"": 0.0, ""missing_evidence"": 0.0, ""round_amount"": 0.0, ""satellite_signal"": null, ""vendor_network_signal"": 0.631}",Computational signal — needs human review.
950000067,Anand Sharma,Gopalpuram Zilla Parishad,Street lights at Balajipet,Balajipet,595500.0,LN/MP95067/2025-2026/24,15-Jul-2025,True,B,,,,synthetic,Street lights,Anjaneya Infra Projects Pvt Ltd,2025-07-15,15.34,Low,"{""cost_peer"": 0.0, ""missing_evidence"": 0.0, ""round_amount"": 1.0, ""satellite_signal"": null, ""vendor_network_signal"": 0.037}",Computational signal — needs human review.
950000004,Mohan Shetty,Bhavanipet Zilla Parishad,Construction of community center and community hall at Chinnapet,Chinnapet,300000.0,LN/MP95004/2025-2026/59,22-Jun-2025,True,A,osm_17,17.459146,78.494254,openstreetmap,community_centre,Krishna & Co,2025-06-22,32.31,Moderate,"{""cost_peer"": 0.0, ""missing_evidence"": 0.0, ""round_amount"": 1.0, ""satellite_signal"": null, ""vendor_network_signal"": 0.631}",Computational signal — needs human review.
950000052,Vikram Verma,Rangapuram Zilla Parishad,Construction of community center and community hall at Mahadevpet,Mahadevpet,959800.0,LN/MP95052/2026-2027/6,06-May-2026,True,A,osm_8,17.19526,79.090784,openstreetmap,community_centre,Sri Durga Constructions,2025-08-13,48.86,Moderate,"{""cost_peer"": 0.0, ""missing_evidence"": 0.0, ""round_amount"": 0.0, ""satellite_signal"": 1.0, ""vendor_network_signal"": 0.943}",Computational signal — needs human review.
950000065,Mahesh Rao,Rangapuram Zilla Parishad,Lighting of public spaces at Malleswaram,Malleswaram,100000.0,LN/MP95065/2025-2026/62,23-Aug-2025,True,B,,,,synthetic,Lighting of public spaces,Sri Durga Constructions,2025-08-23,41.23,Moderate,"{""cost_peer"": 0.0, ""missing_evidence"": 0.0, ""round_amount"": 1.0, ""satellite_signal"": null, ""vendor_network_signal"": 0.943}",Computational signal — needs human review.
950000071,Prakash Yadav,Narsapur District Rural Development Agency,Street lights at Venkatapuram,Venkatapuram,491048.0,LN/MP95071/2025-2026/41,01-Aug-2025,True,B,,,,synthetic,Street lights,National & Co,2025-08-01,0.77,Low,"{""cost_peer"": 0.0, ""missing_evidence"": 0.0, ""round_amount"": 0.0, ""satellite_signal"": null, ""vendor_network_signal"": 0.027}",Computational signal — needs human review.
950000104,Ashok Nair,Lakshmipuram Zilla Parishad,Street lights at Ambedkarnagar,Ambedkarnagar,135000.0,LN/MP95104/2025-2026/38,26-May-2025,True,B,,,,synthetic,Street lights,Sri Lakshmi Enterprises,2025-05-26,10.06,Low,"{""cost_peer"": 0.0, ""missing_evidence"": 0.0, ""round_amount"": 0.0, ""satellite_signal"": null, ""vendor_network_signal"": 0.352}",Computational signal — needs human review.
950000151,Ashok Nair,Bhavanipet Zilla Parishad,Installing hand pumps at Balajipet,Balajipet,4703000.0,LN/MP95151/2025-2026/63,02-Jun-2025,True,B,,,,synthetic,Installing hand pumps,Sri Lakshmi Enterprises,2025-06-02,24.34,Low,"{""cost_peer"": 0.0, ""missing_evidence"": 0.0, ""round_amount"": 1.0, ""satellite_signal"": null, ""vendor_network_signal"": 0.352}",Computational signal — needs human review.
950000093,Vijay Pillai,Vasavipet District Rural Development Agency,Installing tube-wells and borewells at Krishnapuram,Krishnapuram,174914.0,LN/MP95093/2025-2026/63,12-Oct-2025,True,B,,,,synthetic,Installing tube-wells and borewells,Deccan Builders,2025-10-12,9.57,Low,"{""cost_peer"": 0.0, ""missing_evidence"": 0.0, ""round_amount"": 0.0, ""satellite_signal"": null, ""vendor_network_signal"": 0.335}",Computational signal — needs human review.
950000002,Harish Menon,Devarakonda Municipal Corporation,Construction of community center and community hall at Anandnagar,Anandnagar,499575.0,LN/MP95002/2025-2026/67,13-Jun-2025,True,A,osm_18,17.318167,78.550806,openstreetmap,community_centre,Vinayaka Infra Projects Pvt Ltd,2025-06-13,15.29,Low,"{""cost_peer"": 0.0, ""missing_evidence"": 0.0, ""round_amount"": 1.0, ""satellite_signal"": null, ""vendor_network_signal"": 0.035}",Computational signal — needs human review.
