vendor_id,registration_date,is_shell_flagged,n_works,mp_names,ida_names,total_amount,contributing_patterns,contributing_work_ids,degree_centrality,network_risk_score
New Age Builders,2021-05-09,False,11,Anand Sharma;Deepak Iyer;Prakash Yadav;Rajesh Chauhan;Ramesh Reddy;Ravi Bhatt;Vikram Verma,Anjaneyanagar Municipal Corporation;Bhavanipet Zilla Parishad;Chandranagar Municipal Corporation;Devarakonda Municipal Corporation;Gopalpuram Zilla Parishad;Krishnapet District Rural Development Agency;Lakshmipuram Zilla Parishad;Narsapur District Rural Development Agency;Vasavipet District Rural Development Agency,7699307.0,round_tripping;split_invoicing,950000007;950000169;950000023;950000107;950000162;950000001;950000083;950000146;950000056;950000109;950000067,0.1963,0.639
Rama & Co,2022-06-10,False,9,Arvind Dharmapuri;Ashok Nair;Ganesh Kulkarni;Harish Menon;Ravi Bhatt;Shankar Joshi;Suresh Naik;Vijay Pillai,Anjaneyanagar Municipal Corporation;Bhavanipet Zilla Parishad;Devarakonda Municipal Corporation;Krishnapet District Rural Development Agency;Lakshmipuram Zilla Parishad;Rangapuram Zilla Parishad;Vasavipet District Rural Development Agency,15231414.0,bid_collusion;round_tripping,950000032;950000003;950000119;950000170;950000009;950000131;950000128;950000118;950000071,0.1776,0.636
Deccan Builders,2025-05-24,True,7,Anand Sharma;Mahesh Rao;Prakash Yadav;Ravi Bhatt;Shankar Joshi,Chandranagar Municipal Corporation;Gopalpuram Zilla Parishad;Krishnapet District Rural Development Agency;Narsapur District Rural Development Agency;Rangapuram Zilla Parishad,8294658.0,round_tripping;shell_vendor_signature,950000141;950000113;950000013;950000005;950000044;950000092;950000174,0.1308,0.626
Venkateswara Infra Projects Pvt Ltd,2025-03-18,True,8,Ashok Nair;Deepak Iyer;Prakash Yadav;Rajesh Chauhan;Ramesh Reddy;Shankar Joshi;Suresh Naik;Vikram Verma,Anjaneyanagar Municipal Corporation;Devarakonda Municipal Corporation;Gopalpuram Zilla Parishad;Lakshmipuram Zilla Parishad,16019257.0,bid_collusion;shell_vendor_signature,950000110;950000164;950000123;950000012;950000084;950000157;950000065;950000178,0.1308,0.626
Sri Durga Constructions,2021-11-17,False,26,Anand Sharma;Deepak Iyer;Harish Menon;Kiran Mishra;Mahesh Rao;Manoj Choudhary;Naveen Gowda;Ramesh Reddy;Ravi Bhatt;Shankar Joshi;Vijay Pillai,Anjaneyanagar Municipal Corporation;Bhavanipet Zilla Parishad;Chandranagar Municipal Corporation;Devarakonda Municipal Corporation;Gopalpuram Zilla Parishad;Krishnapet District Rural Development Agency;Lakshmipuram Zilla Parishad;Narsapur District Rural Development Agency;Rangapuram Zilla Parishad;Vasavipet District Rural Development Agency,23247207.0,vendor_concentration,950000055;950000014;950000038;950000136;950000105;950000099;950000103;950000029;950000033;950000163;950000045;950000011;950000048;950000156;950000078;950000089;950000022;950000010;950000094;950000154;950000028;950000132;950000030;950000087;950000093;950000002,0.3271,0.365
Sri Lakshmi Enterprises,2020-09-20,False,13,Anand Sharma;Ashok Nair;Ganesh Kulkarni;Mahesh Rao;Mohan Shetty;Naveen Gowda;Prakash Yadav;Rajesh Chauhan;Ramesh Reddy;Sanjay Patil;Vijay Pillai,Anjaneyanagar Municipal Corporation;Bhavanipet Zilla Parishad;Devarakonda Municipal Corporation;Krishnapet District Rural Development Agency;Lakshmipuram Zilla Parishad;Narsapur District Rural Development Agency;Rangapuram Zilla Parishad;Vasavipet District Rural Development Agency,14614060.82,bid_collusion,950000039;950000085;950000114;950000139;950000026;950000063;950000088;950000095;950000115;950000075;950000072;950000060;950000040,0.2336,0.347
Sri Ganesh Builders,2023-04-24,False,12,Anand Sharma;Ashok Nair;Deepak Iyer;Ganesh Kulkarni;Harish Menon;Manoj Choudhary;Prakash Yadav;Sanjay Patil;Shankar Joshi;Suresh Naik;Vijay Pillai,Bhavanipet Zilla Parishad;Chandranagar Municipal Corporation;Devarakonda Municipal Corporation;Gopalpuram Zilla Parishad;Krishnapet District Rural Development Agency;Narsapur District Rural Development Agency;Rangapuram Zilla Parishad;Vasavipet District Rural Development Agency,20050656.0,bid_collusion,950000057;950000086;950000111;950000076;950000120;950000172;950000053;950000127;950000149;950000152;950000100;950000019,0.215,0.343
Anjaneya Infra Projects Pvt Ltd,2017-08-19,False,10,Ganesh Kulkarni;Kiran Mishra;Mahesh Rao;Manoj Choudhary;Naveen Gowda;Rajesh Chauhan;Sanjay Patil;Suresh Naik,Bhavanipet Zilla Parishad;Devarakonda Municipal Corporation;Lakshmipuram Zilla Parishad;Rangapuram Zilla Parishad;Vasavipet District Rural Development Agency,10840658.06,bid_collusion,950000058;950000129;950000081;950000166;950000080;950000150;950000046;950000020;950000064;950000061,0.1682,0.334
Bhavani Enterprises,2023-12-08,False,7,Ashok Nair;Mohan Shetty;Prakash Yadav;Ramesh Reddy;Vikram Verma,Anjaneyanagar Municipal Corporation;Chandranagar Municipal Corporation;Devarakonda Municipal Corporation;Gopalpuram Zilla Parishad;Lakshmipuram Zilla Parishad;Narsapur District Rural Development Agency;Vasavipet District Rural Development Agency,4182423.0,split_invoicing,950000097;950000062;950000137;950000049;950000160;950000006;950000104,0.1495,0.33
Om Sai Builders,2023-08-13,False,8,Deepak Iyer;Harish Menon;Mahesh Rao;Manoj Choudhary;Sanjay Patil;Shankar Joshi,Chandranagar Municipal Corporation;Devarakonda Municipal Corporation;Gopalpuram Zilla Parishad;Krishnapet District Rural Development Agency;Rangapuram Zilla Parishad;Vasavipet District Rural Development Agency,7055149.0,bid_collusion,950000143;950000126;950000171;950000096;950000074;950000165;950000142;950000102,0.1215,0.324
United Enterprises,2020-06-16,False,13,Anand Sharma;Arvind Dharmapuri;Kiran Mishra;Mahesh Rao;Manoj Choudhary;Ramesh Reddy;Shankar Joshi;Suresh Naik;Vikram Verma,Anjaneyanagar Municipal Corporation;Bhavanipet Zilla Parishad;Krishnapet District Rural Development Agency;Narsapur District Rural Development Agency;Rangapuram Zilla Parishad;Vasavipet District Rural Development Agency,10164823.0,,950000175;950000051;950000008;950000125;950000138;950000082;950000101;950000059;950000034;950000073;950000037;950000070;950000052,0.2056,0.041
Southern Constructions,2015-12-10,False,11,Anand Sharma;Harish Menon;Mahesh Rao;Manoj Choudhary;Naveen Gowda;Rajesh Chauhan;Ramesh Reddy;Shankar Joshi;Vijay Pillai,Anjaneyanagar Municipal Corporation;Bhavanipet Zilla Parishad;Chandranagar Municipal Corporation;Gopalpuram Zilla Parishad;Krishnapet District Rural Development Agency;Lakshmipuram Zilla Parishad;Narsapur District Rural Development Agency;Vasavipet District Rural Development Agency,11853057.0,,950000117;950000069;950000148;950000041;950000068;950000159;950000121;950000035;950000140;950000168;950000161,0.1869,0.037
National & Co,2019-05-28,False,8,Prakash Yadav;Ramesh Reddy;Ravi Bhatt;Shankar Joshi;Suresh Naik;Vikram Verma,Anjaneyanagar Municipal Corporation;Bhavanipet Zilla Parishad;Chandranagar Municipal Corporation;Gopalpuram Zilla Parishad;Lakshmipuram Zilla Parishad;Narsapur District Rural Development Agency;Vasavipet District Rural Development Agency,7773963.0,,950000036;950000090;950000112;950000167;950000018;950000047;950000024;950000147,0.1682,0.034
Sai Ram Constructions,2019-11-04,False,8,Anand Sharma;Kiran Mishra;Naveen Gowda;Prakash Yadav;Rajesh Chauhan;Shankar Joshi;Vijay Pillai,Anjaneyanagar Municipal Corporation;Chandranagar Municipal Corporation;Gopalpuram Zilla Parishad;Krishnapet District Rural Development Agency;Lakshmipuram Zilla Parishad;Rangapuram Zilla Parishad,7526834.0,,950000043;950000134;950000042;950000021;950000173;950000130;950000066;950000116,0.1589,0.032
Metro Infra Projects Pvt Ltd,2020-10-20,False,7,Anand Sharma;Harish Menon;Mohan Shetty;Naveen Gowda;Shankar Joshi;Suresh Naik,Anjaneyanagar Municipal Corporation;Bhavanipet Zilla Parishad;Krishnapet District Rural Development Agency;Narsapur District Rural Development Agency;Rangapuram Zilla Parishad;Vasavipet District Rural Development Agency,9905606.0,,950000177;950000025;950000031;950000133;950000122;950000098;950000004,0.1495,0.03
Sri Balaji Constructions,2018-09-11,False,7,Ashok Nair;Manoj Choudhary;Ramesh Reddy;Shankar Joshi;Suresh Naik;Vijay Pillai,Chandranagar Municipal Corporation;Lakshmipuram Zilla Parishad;Narsapur District Rural Development Agency;Rangapuram Zilla Parishad,7822774.0,,950000054;950000027;950000015;950000017;950000176;950000106;950000124,0.1402,0.028
Krishna & Co,2016-04-25,False,7,Deepak Iyer;Ganesh Kulkarni;Mahesh Rao;Rajesh Chauhan;Ramesh Reddy;Shankar Joshi;Vikram Verma,Anjaneyanagar Municipal Corporation;Chandranagar Municipal Corporation;Devarakonda Municipal Corporation;Gopalpuram Zilla Parishad;Krishnapet District Rural Development Agency;Narsapur District Rural Development Agency,4776072.0,,950000091;950000077;950000135;950000158;950000108;950000144;950000153,0.1308,0.026
Vinayaka Infra Projects Pvt Ltd,2021-05-07,False,6,Anand Sharma;Deepak Iyer;Rajesh Chauhan;Ramesh Reddy;Suresh Naik;Vijay Pillai,Chandranagar Municipal Corporation;Gopalpuram Zilla Parishad;Lakshmipuram Zilla Parishad;Rangapuram Zilla Parishad,4688611.0,,950000151;950000016;950000145;950000155;950000050;950000079,0.1215,0.024
